Brand,Model,Type,Dimension (in),Screen Resolution,CPU Brand,CPU Model,CPU Frequency (GHz),GPU Brand,GPU Model,RAM (GB),HDD,SSD,OS,Weight (kg),Price (Euro)
HP,250 G6,Notebook,15.6,1920x1080,Intel,Core i5 7200U,2.5,Intel,HD Graphics 620,8,False,True,No OS,1.86,575.0
Asus,ZenBook UX430UN,Ultrabook,14.0,1920x1080,Intel,Core i7 8550U,1.8,Nvidia,GeForce MX150,16,False,True,Windows,1.3,1495.0
Acer,Swift 3,Ultrabook,14.0,1920x1080,Intel,Core i5 8250U,1.6,Intel,UHD Graphics 620,8,False,True,Windows,1.6,770.0
HP,250 G6,Notebook,15.6,1366x768,Intel,Core i5 7200U,2.5,Intel,HD Graphics 620,4,True,False,No OS,1.86,393.9
HP,250 G6,Notebook,15.6,1920x1080,Intel,Core i3 6006U,2.0,Intel,HD Graphics 520,4,True,False,No OS,1.86,344.99
Dell,Inspiron 3567,Notebook,15.6,1920x1080,Intel,Core i3 6006U,2.0,AMD,Radeon R5 M430,4,False,True,Windows,2.2,498.9
Dell,Inspiron 3567,Notebook,15.6,1920x1080,Intel,Core i7 7500U,2.7,AMD,Radeon R5 M430,8,False,True,Windows,2.2,745.0
Lenovo,IdeaPad 320-15IKB,Notebook,15.6,1920x1080,Intel,Core i3 7100U,2.4,Nvidia,GeForce 940MX,8,True,False,No OS,2.2,499.0
Dell,XPS 13,Ultrabook,13.3,1920x1080,Intel,Core i5 8250U,1.6,Intel,UHD Graphics 620,8,False,True,Windows,1.22,979.0
Lenovo,Legion Y520-15IKBN,Gaming,15.6,1920x1080,Intel,Core i5 7300HQ,2.5,Nvidia,GeForce GTX 1050,8,True,True,Windows,2.5,999.0
HP,15-BS101nv (i7-8550U/8GB/256GB/FHD/W10),Ultrabook,15.6,1920x1080,Intel,Core i7 8550U,1.8,Intel,HD Graphics 620,8,False,True,Windows,1.91,659.0
Dell,Inspiron 3567,Notebook,15.6,1366x768,Intel,Core i3 6006U,2.0,Intel,HD Graphics 520,4,True,False,Windows,2.3,418.64
Dell,Inspiron 5570,Notebook,15.6,1920x1080,Intel,Core i5 8250U,1.6,AMD,Radeon 530,8,False,True,Windows,2.2,800.0
Dell,Latitude 5590,Ultrabook,15.6,1920x1080,Intel,Core i7 8650U,1.9,Intel,UHD Graphics 620,8,False,True,Windows,1.88,1298.0
HP,ProBook 470,Notebook,17.3,1920x1080,Intel,Core i5 8250U,1.6,Nvidia,GeForce 930MX,8,True,False,Windows,2.5,896.0
Dell,XPS 13,Ultrabook,13.3,3200x1800,Intel,Core i7 8550U,1.8,Intel,UHD Graphics 620,16,False,True,Windows,1.2,1869.0
Acer,Aspire 3,Notebook,15.6,1366x768,Intel,Core i3 7130U,2.7,Intel,HD Graphics 620,4,True,False,Linux,2.1,367.0
Dell,Inspiron 5770,Notebook,17.3,1920x1080,Intel,Core i5 8250U,1.6,AMD,Radeon 530,8,True,True,Windows,2.8,979.0
HP,250 G6,Notebook,15.6,1366x768,Intel,Core i5 7200U,2.5,Intel,HD Graphics 620,4,True,False,Windows,1.86,488.69
HP,ProBook 450,Notebook,15.6,1920x1080,Intel,Core i5 8250U,1.6,Nvidia,GeForce 930MX,8,False,True,Windows,2.1,879.0
Asus,X540UA-DM186 (i3-6006U/4GB/1TB/FHD/Linux),Notebook,15.6,1920x1080,Intel,Core i3 6006U,2.0,Intel,HD Graphics 620,4,True,False,Linux,2.0,389.0
Dell,Inspiron 7577,Gaming,15.6,1920x1080,Intel,Core i7 7700HQ,2.8,Nvidia,GeForce GTX 1060,16,True,True,Windows,2.65,1499.0
Asus,X542UQ-GO005 (i5-7200U/8GB/1TB/GeForce,Notebook,15.6,1366x768,Intel,Core i5 7200U,2.5,Nvidia,GeForce 940MX,8,True,False,Linux,2.3,522.99
Acer,Aspire A515-51G,Notebook,15.6,1920x1080,Intel,Core i5 8250U,1.6,Intel,UHD Graphics 620,4,False,True,Windows,2.2,682.0
Lenovo,IdeaPad 320-15ISK,Notebook,15.6,1366x768,Intel,Core i3 6006U,2.0,Intel,HD Graphics 520,4,False,True,No OS,2.2,369.0
Dell,Inspiron 3567,Notebook,15.6,1920x1080,Intel,Core i5 7200U,2.5,AMD,Radeon R5 M430,4,False,True,Windows,2.3,639.0
Acer,Aspire A515-51G,Notebook,15.6,1920x1080,Intel,Core i7 8550U,1.8,Nvidia,GeForce MX150,8,False,True,Windows,2.2,841.0
HP,ProBook 430,Notebook,13.3,1920x1080,Intel,Core i7 8550U,1.8,Intel,UHD Graphics 620,8,False,True,Windows,1.49,1103.0
Acer,Aspire 3,Notebook,15.6,1366x768,Intel,Core i3 7100U,2.4,Intel,HD Graphics 620,4,True,False,Windows,2.4,384.0
Dell,Inspiron 3576,Notebook,15.6,1920x1080,Intel,Core i7 8550U,1.8,AMD,Radeon 520,8,False,True,Windows,2.13,767.8
HP,15-bs002nv (i3-6006U/4GB/128GB/FHD/W10),Notebook,15.6,1920x1080,Intel,Core i3 6006U,2.0,Intel,HD Graphics 520,4,False,True,Windows,1.91,439.0
Asus,VivoBook Max,Notebook,15.6,1366x768,Intel,Core i5 7200U,2.5,Intel,HD Graphics 620,4,False,True,Windows,2.0,586.19
Asus,X541UA-DM1897 (i3-6006U/4GB/256GB/FHD/Linux),Notebook,15.6,1920x1080,Intel,Core i3 6006U,2.0,Intel,HD Graphics 520,4,False,True,Linux,2.0,415.0
Dell,Inspiron 5770,Notebook,17.3,1920x1080,Intel,Core i7 8550U,1.8,AMD,Radeon 530,16,True,True,Windows,2.8,1299.0
Dell,Vostro 5471,Ultrabook,14.0,1920x1080,Intel,Core i5 8250U,1.6,Intel,UHD Graphics 620,8,False,True,Windows,1.7,879.0
Lenovo,IdeaPad 520S-14IKB,Notebook,14.0,1920x1080,Intel,Core i3 7130U,2.7,Intel,HD Graphics 620,8,False,True,No OS,1.7,599.0
Asus,UX410UA-GV350T (i5-8250U/8GB/256GB/FHD/W10),Notebook,14.0,1920x1080,Intel,Core i5 8250U,1.6,Intel,UHD Graphics 620,8,False,True,Windows,1.4,941.0
HP,250 G6,Notebook,15.6,1920x1080,Intel,Core i5 7200U,2.5,Intel,HD Graphics 620,8,False,True,Windows,1.86,690.0
Asus,ZenBook Pro,Ultrabook,15.6,1920x1080,Intel,Core i7 7700HQ,2.8,Nvidia,GeForce GTX 1050 Ti,16,False,True,Windows,1.8,1983.0
HP,250 G6,Notebook,15.6,1366x768,Intel,Core i3 6006U,2.0,AMD,Radeon 520,4,True,False,Windows,1.86,438.69
Lenovo,V310-15ISK (i5-7200U/4GB/1TB/FHD/W10),Notebook,15.6,1920x1080,Intel,Core i5 7200U,2.5,Intel,HD Graphics 620,4,True,False,Windows,1.9,549.0
Asus,FX753VE-GC093 (i7-7700HQ/12GB/1TB/GeForce,Gaming,17.3,1920x1080,Intel,Core i7 7700HQ,2.8,Nvidia,GeForce GTX 1050 Ti,12,True,False,Linux,3.0,949.0
Dell,Inspiron 5370,Ultrabook,13.3,1920x1080,Intel,Core i7 8550U,1.8,AMD,Radeon 530,8,False,True,Windows,1.4,955.0
Dell,Inspiron 5570,Notebook,15.6,1920x1080,Intel,Core i7 8550U,1.8,AMD,Radeon 530,8,False,True,Windows,2.2,870.0
Acer,Aspire E5-475,Notebook,14.0,1366x768,Intel,Core i3 6006U,2.0,Intel,HD Graphics 520,8,True,False,Windows,2.1,389.0
Asus,FX503VD-E4022T (i7-7700HQ/8GB/1TB/GeForce,Gaming,15.6,1920x1080,Intel,Core i7 7700HQ,2.8,Nvidia,GeForce GTX 1050,8,True,False,Windows,2.2,949.0
Lenovo,IdeaPad 320-15IKBN,Notebook,15.6,1920x1080,Intel,Core i5 7200U,2.5,Intel,HD Graphics 620,8,True,False,No OS,2.2,519.0
Dell,Inspiron 5570,Notebook,15.6,1920x1080,Intel,Core i7 8550U,1.8,Intel,UHD Graphics 620,8,True,True,Windows,2.02,855.0
Acer,Aspire A515-51G-32MX,Notebook,15.6,1920x1080,Intel,Core i3 7130U,2.7,Nvidia,GeForce MX130,4,True,False,Windows,2.2,530.0
HP,ProBook 470,Notebook,17.3,1920x1080,Intel,Core i5 8250U,1.6,Nvidia,GeForce 930MX,8,True,True,Windows,2.5,977.0
Dell,Latitude 5590,Ultrabook,15.6,1920x1080,Intel,Core i5 8250U,1.6,Intel,UHD Graphics 620,8,False,True,Windows,1.88,1096.16
HP,ProBook 440,Notebook,14.0,1920x1080,Intel,Core i5 8250U,1.6,Intel,HD Graphics 620,8,False,True,Windows,1.63,860.0
Dell,Inspiron 7577,Gaming,15.6,1920x1080,Intel,Core i7 7700HQ,2.8,Nvidia,GeForce GTX 1050 Ti,16,True,True,Windows,2.65,1349.0
HP,Pavilion 15-CK000nv,Ultrabook,15.6,1920x1080,Intel,Core i7 8550U,1.8,Nvidia,GeForce GTX 940MX,8,False,True,Windows,1.83,699.0
HP,250 G6,Notebook,15.6,1920x1080,Intel,Core i5 7200U,2.5,Intel,HD Graphics 620,8,False,True,Windows,1.96,598.99
Asus,FX503VM-E4007T (i7-7700HQ/16GB/1TB,Gaming,15.6,1920x1080,Intel,Core i7 7700HQ,2.8,Nvidia,GeForce GTX 1060,16,True,True,Windows,2.2,1449.0
Dell,XPS 13,Ultrabook,13.3,1920x1080,Intel,Core i7 8550U,1.8,Intel,UHD Graphics 620,8,False,True,Windows,1.21,1649.0
Acer,Aspire 5,Notebook,15.6,1920x1080,Intel,Core i7 8550U,1.8,Nvidia,GeForce MX150,8,True,False,Windows,2.2,689.0
HP,Probook 430,Notebook,13.3,1920x1080,Intel,Core i7 8550U,1.8,Intel,UHD Graphics 620,16,False,True,Windows,1.49,1197.0
Dell,Inspiron 7577,Gaming,15.6,1920x1080,Intel,Core i5 7300HQ,2.5,Nvidia,GeForce GTX 1060,8,False,True,Windows,2.65,1195.0
Asus,Zenbook UX430UA,Ultrabook,14.0,1920x1080,Intel,Core i7 7500U,2.7,Intel,HD Graphics 620,8,False,True,Windows,1.25,1049.0
Dell,Inspiron 3567,Notebook,15.6,1920x1080,Intel,Core i7 7500U,2.7,AMD,Radeon R5 M430,8,True,False,Linux,2.2,599.9
Dell,Inspiron 3567,Notebook,15.6,1920x1080,Intel,Core i3 6006U,2.0,AMD,Radeon R5 M430,4,False,True,Linux,2.2,485.0
Asus,X541UV-DM1439T (i3-7100U/6GB/256GB/GeForce,Notebook,15.6,1920x1080,Intel,Core i3 7100U,2.4,Nvidia,GeForce 920M,6,False,True,Windows,2.0,577.0
HP,Omen 15-ce007nv,Gaming,15.6,1920x1080,Intel,Core i7 7700HQ,2.8,Nvidia,GeForce GTX 1050,12,True,True,Windows,2.62,1249.0
HP,15-bs017nv (i7-7500U/8GB/256GB/Radeon,Notebook,15.6,1920x1080,Intel,Core i7 7500U,2.7,AMD,Radeon 530,8,False,True,Windows,1.91,719.0
Dell,Inspiron 3576,Notebook,15.6,1920x1080,Intel,Core i5 8250U,1.6,AMD,Radeon 520,8,True,False,Linux,2.2,647.0
HP,Envy 13-ad009n,Ultrabook,13.3,1920x1080,Intel,Core i7 7500U,2.7,Nvidia,GeForce MX150,8,False,True,Windows,1.38,1119.0
HP,Pavilion 14-BK001nv,Notebook,14.0,1920x1080,Intel,Core i5 7200U,2.5,Nvidia,GeForce 940MX,6,False,True,Windows,1.58,659.0
Lenovo,Ideapad 310-15ISK,Notebook,15.6,1920x1080,Intel,Core i3 6006U,2.0,Intel,HD Graphics 520,4,True,False,Windows,1.85,414.9
Asus,UX430UQ-GV209R (i7-7500U/8GB/256GB/GeForce,Ultrabook,14.0,1920x1080,Intel,Core i7 7500U,2.7,Nvidia,GeForce 940MX,8,False,True,Windows,1.3,1193.0
Lenovo,Thinkpad T470,Notebook,14.0,1920x1080,Intel,Core i7 7500U,2.7,Intel,HD Graphics 620,8,False,True,Windows,1.58,1480.0
Asus,VivoBook S15,Ultrabook,15.6,1920x1080,Intel,Core i7 8550U,1.8,Nvidia,GeForce MX150,16,True,True,Windows,1.5,1262.0
Dell,XPS 13,Ultrabook,13.3,3200x1800,Intel,Core i7 7560U,2.4,Intel,Iris Plus Graphics 640,8,False,True,Windows,1.23,1379.0
HP,Probook 440,Notebook,14.0,1366x768,Intel,Core i5 8250U,1.6,Intel,UHD Graphics 620,4,True,False,Windows,1.63,722.0
Dell,XPS 13,Ultrabook,13.3,1920x1080,Intel,Core i5 8250U,1.6,Intel,UHD Graphics 620,8,False,True,Windows,1.21,1629.0
HP,Probook 440,Notebook,14.0,1920x1080,Intel,Core i7 8550U,1.8,Intel,UHD Graphics 620,8,False,True,Windows,1.63,1084.0
Dell,Inspiron 7570,Notebook,15.6,1920x1080,Intel,Core i7 8550U,1.8,Nvidia,GeForce 940MX,8,True,True,Windows,2.16,1130.33
Asus,X705UV-BX074T (i3-6006U/4GB/1TB/GeForce,Notebook,17.3,1920x1080,Intel,Core i3 6006U,2.0,Nvidia,GeForce 920MX,4,True,False,Windows,2.0,564.0
Asus,VivoBook S15,Notebook,15.6,1920x1080,Intel,Core i7 8550U,1.8,Nvidia,GeForce 940MX,8,False,True,Windows,1.7,1118.0
Acer,Spin 3,Notebook,15.6,1920x1080,Intel,Core i3 7100U,2.4,Intel,HD Graphics 620,6,True,False,Windows,2.1,479.0
Lenovo,IdeaPad 320-15IKBN,Notebook,15.6,1920x1080,Intel,Core i5 7200U,2.5,Nvidia,GeForce 940MX,8,False,True,No OS,2.2,629.0
HP,Probook 470,Notebook,17.3,1920x1080,Intel,Core i7 8550U,1.8,Nvidia,GeForce 930MX,16,False,True,Windows,2.5,1271.0
HP,Probook 440,Notebook,14.0,1920x1080,Intel,Core i5 8250U,1.6,Intel,UHD Graphics 620,8,True,False,Windows,1.63,812.0
Dell,Inspiron 5770,Notebook,17.3,1920x1080,Intel,Core i7 8550U,1.8,AMD,Radeon 530,16,True,True,Windows,2.8,1396.0
HP,ProBook 470,Notebook,17.3,1920x1080,Intel,Core i5 8250U,1.6,Intel,UHD Graphics 620,8,False,True,Windows,2.5,928.0
Dell,Inspiron 5567,Notebook,15.6,1366x768,Intel,Core i5 7200U,2.5,AMD,Radeon R7 M445,8,True,False,Windows,2.36,638.99
Dell,Inspiron 3567,Notebook,15.6,1920x1080,Intel,Core i3 6006U,2.0,AMD,Radeon R5 M430,4,True,False,Windows,2.2,449.0
Acer,Swift 3,Ultrabook,14.0,1920x1080,Intel,Core i7 8550U,1.8,Intel,UHD Graphics 620,8,False,True,Windows,1.6,884.0
Acer,Aspire A515-51G-37JS,Notebook,15.6,1920x1080,Intel,Core i3 7130U,2.7,Nvidia,GeForce MX130,4,False,True,Windows,2.2,572.0
HP,15-BS078nr (i7-7500U/8GB/1TB/W10),Notebook,15.6,1366x768,Intel,Core i7 7500U,2.7,Intel,HD Graphics 620,8,True,False,Windows,2.05,598.0
HP,Probook 440,Notebook,14.0,1920x1080,Intel,Core i7 8550U,1.8,Intel,UHD Graphics 620,8,False,True,Windows,1.63,988.0
Asus,FX753VD-GC086T (i5-7300HQ/8GB/1TB,Gaming,17.3,1920x1080,Intel,Core i5 7300HQ,2.5,Nvidia,GeForce GTX 1050,8,True,True,Windows,3.0,938.0
Lenovo,IdeaPad 320-15IKBN,Notebook,15.6,1920x1080,Intel,Core i5 7200U,2.5,Nvidia,GeForce 920MX,4,True,False,No OS,2.2,499.0
HP,Envy 13-AD007nv,Notebook,13.3,1920x1080,Intel,Core i5 7200U,2.5,Intel,HD Graphics 620,4,False,True,Windows,1.32,699.0
Acer,Aspire 5,Notebook,17.3,1920x1080,Intel,Core i3 7130U,2.7,Nvidia,GeForce MX130,4,True,False,Windows,3.0,655.0
Lenovo,ThinkPad E480,Notebook,14.0,1920x1080,Intel,Core i5 8250U,1.6,AMD,Radeon RX 550,8,False,True,Windows,1.75,1116.02
Lenovo,Legion Y520-15IKBN,Gaming,15.6,1920x1080,Intel,Core i7 7700HQ,2.8,Nvidia,GeForce GTX 1050M,8,False,True,No OS,2.4,869.0
Asus,ZenBook UX430UA,Ultrabook,14.0,1920x1080,Intel,Core i7 8550U,1.8,Intel,UHD Graphics 620,8,False,True,Windows,1.25,1099.0
Acer,Aspire A315-51,Notebook,15.6,1366x768,Intel,Core i3 6006U,2.0,Intel,HD Graphics 520,4,True,False,Windows,2.1,447.0
Dell,Inspiron 5577,Gaming,15.6,1920x1080,Intel,Core i7 7700HQ,2.8,Nvidia,GeForce GTX 1050,16,False,True,Windows,2.56,1249.26
Dell,Inspiron 7567,Gaming,15.6,1920x1080,Intel,Core i7 7700HQ,2.8,Nvidia,GeForce GTX 1050,8,True,True,Windows,2.62,899.0
Lenovo,V110-15IKB (i5-7200U/4GB/128GB/W10),Notebook,15.6,1366x768,Intel,Core i5 7200U,2.5,Intel,HD Graphics 620,4,False,True,Windows,1.9,498.0
HP,EliteBook 840,Ultrabook,14.0,1920x1080,Intel,Core i5 7500U,2.7,Intel,HD Graphics 620,4,False,True,Windows,1.48,1082.0
HP,15-BS103nv (i5-8250U/6GB/256GB/Radeon,Notebook,15.6,1920x1080,Intel,Core i5 8250U,1.6,AMD,Radeon 520,6,False,True,Windows,1.91,619.0
Acer,Aspire A517-51G,Notebook,17.3,1920x1080,Intel,Core i5 8250U,1.6,Nvidia,GeForce MX150,4,False,True,Windows,3.0,805.0
Dell,Inspiron 3576,Notebook,15.6,1920x1080,Intel,Core i5 8250U,1.6,AMD,Radeon 520,8,False,True,Windows,2.13,728.0
Lenovo,Legion Y520-15IKBN,Gaming,15.6,1920x1080,Intel,Core i7 7700HQ,2.8,Nvidia,GeForce GTX 1050 Ti,16,False,True,Windows,2.5,1079.0
Dell,Inspiron 5577,Gaming,15.6,1920x1080,Intel,Core i7 7700HQ,2.8,Nvidia,GeForce GTX 1050,8,True,True,Windows,2.56,1060.49
Acer,Aspire A517-51G,Notebook,17.3,1920x1080,Intel,Core i5 8250U,1.6,Nvidia,GeForce MX150,8,False,True,Windows,3.0,854.0
HP,ProBook 430,Notebook,13.3,1920x1080,Intel,Core i5 8250U,1.6,Intel,UHD Graphics 620,4,True,False,Windows,1.49,754.0
HP,17-bs001nv (i5-7200U/6GB/2TB/Radeon,Notebook,17.3,1920x1080,Intel,Core i5 7200U,2.5,AMD,Radeon 520,6,True,False,Windows,2.71,699.0
HP,ProBook 470,Notebook,17.3,1920x1080,Intel,Core i5 8250U,1.6,Nvidia,GeForce 930MX,8,False,True,Windows,2.5,923.0
Dell,Inspiron 3567,Notebook,15.6,1366x768,Intel,Core i3 7100U,2.4,Intel,HD Graphics 620,8,True,False,Windows,2.3,459.0
Acer,Aspire A315-51,Notebook,15.6,1366x768,Intel,Core i3 6006U,2.0,Intel,HD Graphics 520,4,False,True,Windows,2.1,449.0
Lenovo,V310-15IKB (i5-7200U/8GB/1TB,Notebook,15.6,1920x1080,Intel,Core i5 7200U,2.5,AMD,R17M-M1-70,8,True,True,Windows,1.9,813.0
Dell,Inspiron 5570,Notebook,15.6,1920x1080,Intel,Core i7 8550U,1.8,AMD,Radeon 530,16,True,True,Linux,2.02,1049.0
Dell,XPS 13,Ultrabook,13.3,1920x1080,Intel,Core i5 8250U,1.6,Intel,UHD Graphics 620,8,False,True,Windows,1.23,1399.0
Dell,Inspiron 7773,Notebook,17.3,1920x1080,Intel,Core i7 8550U,1.8,Nvidia,GeForce 150MX,16,False,True,Windows,2.77,1549.0
Dell,XPS 15,Notebook,15.6,3840x2160,Intel,Core i7 7700HQ,2.8,Nvidia,GeForce GTX 1050,16,False,True,Windows,2.06,2397.0
Lenovo,Legion Y520-15IKBN,Gaming,15.6,1920x1080,Intel,Core i5 7300HQ,2.5,Nvidia,GeForce GTX 1050,8,False,True,No OS,2.4,779.0
Acer,Swift 7,Ultrabook,13.3,1920x1080,Intel,Core i5 7Y54,1.2,Intel,HD Graphics 615,8,False,True,Windows,1.12,989.0
Dell,Inspiron 5770,Notebook,17.3,1920x1080,Intel,Core i7 8550U,1.8,AMD,Radeon 530,8,True,True,Windows,2.8,1085.0
Lenovo,IdeaPad 320-17IKBR,Notebook,17.3,1600x900,Intel,Core i5 8250U,1.6,Nvidia,GeForce MX150,8,False,True,No OS,2.8,698.0
HP,ProBook 470,Notebook,17.3,1920x1080,Intel,Core i5 8250U,1.6,Nvidia,GeForce 930MX,8,True,False,Windows,2.5,914.0
HP,ProBook 430,Notebook,13.3,1920x1080,Intel,Core i5 8250U,1.6,Intel,UHD Graphics 620,8,False,True,Windows,1.49,959.0
HP,Omen 17-W295,Gaming,17.3,1920x1080,Intel,Core i7 7700HQ,2.8,Nvidia,GeForce GTX 1050,16,True,True,Windows,3.35,1379.0
HP,Probook 470,Notebook,17.3,1920x1080,Intel,Core i7 8550U,1.8,Nvidia,GeForce 930MX,8,False,True,Windows,2.5,1045.0
Dell,Inspiron 7577,Gaming,15.6,3840x2160,Intel,Core i7 7700HQ,2.8,Nvidia,GeForce GTX 1060,16,True,True,Windows,2.65,1845.0
Lenovo,V110-15ISK (i5-6200U/4GB/128GB/W10),Notebook,15.6,1366x768,Intel,Core i5 6200U,2.3,Intel,HD Graphics 520,4,False,True,Windows,2.1,493.0
Acer,Aspire E5-576G,Notebook,15.6,1920x1080,Intel,Core i7 7500U,2.7,Nvidia,GeForce 940MX,8,True,False,Windows,2.23,742.0
Lenovo,Legion Y720-15IKB,Gaming,15.6,1920x1080,Intel,Core i7 7700HQ,2.8,Nvidia,GeForce GTX 1060,16,True,True,Windows,3.2,1749.0
Lenovo,Legion Y520-15IKBN,Gaming,15.6,1920x1080,Intel,Core i7 7700HQ,2.8,Nvidia,GeForce GTX 1060,16,False,True,No OS,2.4,1398.0
Dell,Inspiron 3567,Notebook,15.6,1366x768,Intel,Core i3 7100U,2.4,Intel,HD Graphics 620,6,True,False,Windows,2.3,439.0
Dell,XPS 13,Ultrabook,13.3,3840x2160,Intel,Core i7 8550U,1.8,Intel,UHD Graphics 620,8,False,True,Windows,1.21,1949.0
Dell,XPS 13,Ultrabook,13.3,1920x1080,Intel,Core i7 8550U,1.8,Intel,UHD Graphics 620,8,False,True,Windows,1.2,1449.0
Lenovo,IdeaPad 320-15IKBN,Notebook,15.6,1366x768,Intel,Core i5 7200U,2.5,Intel,HD Graphics 620,8,False,True,Windows,2.2,597.0
Acer,Aspire 7,Notebook,15.6,1920x1080,Intel,Core i7 7700HQ,2.8,Nvidia,GeForce GTX 1050,8,True,False,Linux,2.4,779.0
Asus,ROG GL703VD-GC028T,Gaming,17.3,1920x1080,Intel,Core i7 7700HQ,2.8,Nvidia,GeForce GTX 1050,16,True,True,Windows,2.9,1407.0
HP,15-bs018nq (i3-6006U/4GB/500GB/FHD/No,Notebook,15.6,1920x1080,Intel,Core i3 6006U,2.0,Intel,HD Graphics 520,4,True,False,No OS,2.1,349.0
Lenovo,IdeaPad 320-15IKBN,Notebook,15.6,1920x1080,Intel,Core i5 7200U,2.5,Intel,HD Graphics 620,8,False,True,No OS,2.2,549.0
Dell,Inspiron 5370,Ultrabook,13.3,1920x1080,Intel,Core i7 8550U,1.8,AMD,Radeon 530,8,False,True,Windows,1.4,931.88
Lenovo,IdeaPad 320-17IKB,Notebook,17.3,1600x900,Intel,Core i5 7200U,2.5,Nvidia,GeForce GTX 940MX,8,True,False,No OS,2.8,589.0
HP,Probook 440,Notebook,14.0,1920x1080,Intel,Core i7 8550U,1.8,Nvidia,GeForce 930MX,8,False,True,Windows,1.63,1031.0
Dell,Latitude 5490,Ultrabook,14.0,1920x1080,Intel,Core i5 8250U,1.6,Intel,UHD Graphics 620,8,False,True,Windows,1.6,1149.0
Dell,Inspiron 3576,Notebook,15.6,1920x1080,Intel,Core i5 8250U,1.6,AMD,Radeon 520,8,False,True,Linux,2.2,677.35
HP,ProBook 450,Notebook,15.6,1920x1080,Intel,Core i5 8250U,1.6,Intel,UHD Graphics 620,8,True,False,Windows,2.1,794.0
Dell,Alienware 17,Gaming,17.3,1920x1080,Intel,Core i7 7700HQ,2.8,Nvidia,GeForce GTX 1060,16,True,True,Windows,4.42,2456.34
Acer,Aspire E5-576G,Notebook,15.6,1920x1080,Intel,Core i7 7500U,2.7,Nvidia,GeForce 940MX,8,False,True,Windows,2.2,832.0
Dell,Inspiron 5567,Notebook,15.6,1920x1080,Intel,Core i7 7500U,2.7,AMD,Radeon R7 M445,16,True,False,Windows,2.3,859.01
Asus,Vivobook X541UV-DM1217T,Notebook,15.6,1920x1080,Intel,Core i5 7200U,2.5,Nvidia,GeForce 920MX,8,False,True,Windows,2.0,769.0
Asus,K756UX-T4340T (i5-7200U/8GB/500GB,Notebook,17.3,1920x1080,Intel,Core i5 7200U,2.5,Nvidia,GeForce GTX 950M,8,True,True,Windows,2.69,891.0
HP,ZBook 15u,Notebook,15.6,1920x1080,Intel,Core i7 7500U,2.7,AMD,FirePro W4190M,8,True,False,Windows,1.9,1269.0
Asus,Pro P2540UA-XO0198T,Notebook,15.6,1366x768,Intel,Core i3 7100U,2.4,Intel,HD Graphics 620,4,True,False,Windows,2.37,398.99
Lenovo,Legion Y720-15IKB,Gaming,15.6,1920x1080,Intel,Core i7 7700HQ,2.8,Nvidia,GeForce GTX 1060,16,True,True,Windows,3.2,1499.0
Dell,Vostro 5468,Notebook,14.0,1920x1080,Intel,Core i5 7200U,2.5,Intel,HD Graphics 620,8,False,True,Windows,1.6,859.0
Dell,Inspiron 5567,Notebook,15.6,1920x1080,Intel,Core i7 7500U,2.7,AMD,Radeon R7 M445,16,False,True,Linux,2.36,899.0
Acer,Aspire A315-51,Notebook,15.6,1366x768,Intel,Core i3 6006U,2.0,Intel,HD Graphics 520,4,True,False,Linux,2.1,390.0
Asus,ROG G703VI-E5062T,Gaming,17.3,1920x1080,Intel,Core i7 7820HK,2.9,Nvidia,GeForce GTX 1080,32,True,True,Windows,4.7,3890.0
Acer,Nitro AN515-51,Gaming,15.6,1920x1080,Intel,Core i5 7300HQ,2.5,Nvidia,GeForce GTX 1050,8,False,True,Windows,2.5,846.0
Lenovo,IdeaPad 320-15ISK,Notebook,15.6,1366x768,Intel,Core i3 6006U,2.0,Intel,HD Graphics 520,8,False,True,Windows,2.2,589.0
Asus,VivoBook Pro,Notebook,17.3,1920x1080,Intel,Core i7 8550U,1.8,Nvidia,GeForce 150MX,8,True,True,Windows,2.1,1145.0
Asus,F756UX-T4201D (i7-7500U/8GB/128GB,Notebook,17.3,1920x1080,Intel,Core i7 7500U,2.7,Nvidia,GeForce GTX 950M,8,True,True,No OS,2.69,889.0
Dell,Inspiron 5577,Gaming,15.6,1920x1080,Intel,Core i5 7300HQ,2.5,Nvidia,GeForce GTX 1050,8,False,True,Windows,2.56,879.0
Dell,Inspiron 5570,Notebook,15.6,1920x1080,Intel,Core i7 8550U,1.8,AMD,Radeon 530,8,True,True,Windows,2.2,985.0
HP,15-bs015dx (i5-7200U/8GB/1TB/W10),Notebook,15.6,1366x768,Intel,Core i5 7200U,2.5,Intel,HD Graphics 620,8,True,False,Windows,2.04,559.0
Asus,Rog G701VIK-BA060T,Gaming,17.3,1920x1080,Intel,Core i7 7820HK,2.9,Nvidia,GeForce GTX 1080,16,False,True,Windows,3.6,2999.0
HP,ProBook 430,Notebook,13.3,1920x1080,Intel,Core i5 8250U,1.6,Intel,UHD Graphics 620,4,True,False,Windows,1.49,675.0
Asus,ROG G752VSK-GC493T,Gaming,17.3,1920x1080,Intel,Core i7 7700HQ,2.8,Nvidia,GeForce GTX 980M,16,True,True,Windows,4.3,1799.0
Acer,Aspire 5,Notebook,17.3,1920x1080,Intel,Core i3 7130U,2.7,Nvidia,GeForce MX130,4,False,True,Windows,3.0,702.0
Dell,Vostro 5370,Ultrabook,13.3,1920x1080,Intel,Core i5 8250U,1.6,Intel,UHD Graphics 620,8,False,True,Windows,1.41,949.0
HP,Envy 17-U275cl,Notebook,17.3,1920x1080,Intel,Core i7 8550U,1.8,Nvidia,GeForce MX150,16,True,False,Windows,2.9,1059.0
Dell,Inspiron 5770,Notebook,17.3,1920x1080,Intel,Core i7 8550U,1.8,AMD,Radeon 530,8,True,True,Windows,2.8,1142.0
Lenovo,IdeaPad 320-15ISK,Notebook,15.6,1920x1080,Intel,Core i3 6006U,2.0,Intel,HD Graphics 520,4,False,True,No OS,2.2,444.0
HP,ProBook 450,Notebook,15.6,1920x1080,Intel,Core i5 8250U,1.6,Intel,HD Graphics 620,4,True,False,Windows,2.1,722.0
Dell,Vostro 3568,Notebook,15.6,1920x1080,Intel,Core i5 7200U,2.5,Intel,HD Graphics 620,4,True,False,Windows,2.18,657.0
Dell,Inspiron 3567,Notebook,15.6,1920x1080,Intel,Core i5 7200U,2.5,AMD,Radeon R5 M430,8,True,False,Windows,2.24,565.0
Lenovo,IdeaPad 320-15IKBN,Notebook,15.6,1920x1080,Intel,Core i5 7200U,2.5,Intel,HD Graphics 620,4,True,False,No OS,2.2,467.0
HP,Probook 470,Notebook,17.3,1920x1080,Intel,Core i7 8550U,1.8,Nvidia,GeForce 930MX,8,True,False,Windows,2.5,1018.0
Lenovo,V330-15IKB (i7-8550U/8GB/256GB/FHD/W10),Notebook,15.6,1920x1080,Intel,Core i7 8550U,1.8,Intel,UHD Graphics 620,8,False,True,Windows,2.05,880.0
Dell,Inspiron 3576,Notebook,15.6,1920x1080,Intel,Core i7 8550U,1.8,AMD,Radeon 520,8,False,True,Linux,2.14,735.07
Dell,Inspiron 5567,Notebook,15.6,1366x768,Intel,Core i7 7500U,2.7,Intel,HD Graphics 620,12,True,False,Windows,2.3,713.07
Dell,Inspiron 5770,Notebook,17.3,1920x1080,Intel,Core i7 8550U,1.8,AMD,Radeon 530,8,True,True,Linux,2.8,1099.0
Acer,Aspire A515-51G,Notebook,15.6,1920x1080,Intel,Core i7 8550U,1.8,Nvidia,GeForce MX130,8,True,False,Windows,2.2,745.0
Lenovo,IdeaPad 320-17ISK,Notebook,17.3,1600x900,Intel,Core i3 6006U,2.0,Intel,HD Graphics 520,4,True,False,Windows,2.8,489.0
Lenovo,IdeaPad 320-17IKBR,Notebook,17.3,1920x1080,Intel,Core i7 8550U,1.8,Nvidia,GeForce MX150,8,True,False,No OS,2.8,849.0
Lenovo,IdeaPad 320-17IKB,Notebook,17.3,1600x900,Intel,Core i7 7500U,2.7,Nvidia,GeForce 940MX,6,True,True,Windows,2.8,859.0
Dell,Inspiron 3567,Notebook,15.6,1920x1080,Intel,Core i3 6006U,2.0,AMD,Radeon R5 M430,4,True,False,Linux,2.25,428.0
Lenovo,Legion Y520-15IKBN,Gaming,15.6,1920x1080,Intel,Core i5 7300HQ,2.5,Nvidia,GeForce GTX 1050,8,False,True,Windows,2.5,829.0
Lenovo,Ideapad 320-15IKBN,Notebook,15.6,1920x1080,Intel,Core i5 7200U,2.5,Intel,HD Graphics 620,6,False,True,Windows,2.2,579.0
Acer,Aspire A517-51G,Notebook,15.6,1920x1080,Intel,Core i7 8550U,1.8,Nvidia,GeForce MX150,8,False,True,Windows,3.0,951.0
Acer,SP315-51 (i7-7500U/12GB/1TB/FHD/W10),Notebook,15.6,1920x1080,Intel,Core i7 7500U,2.7,Intel,HD Graphics 620,12,True,False,Windows,2.15,659.0
Lenovo,Thinkpad T570,Notebook,15.6,1920x1080,Intel,Core i7 7500U,2.7,Intel,HD Graphics 630,8,False,True,Windows,1.95,1097.0
Asus,VivoBook S15,Ultrabook,15.6,1920x1080,Intel,Core i5 7200U,2.5,Nvidia,GeForce 940MX,8,False,True,Windows,1.7,977.0
Lenovo,Legion Y520-15IKBN,Gaming,15.6,1920x1080,Intel,Core i7 7700HQ,2.8,Nvidia,GeForce GTX 1050 Ti,16,True,True,Windows,2.5,1179.0
Lenovo,IdeaPad 320-15IKB,Notebook,15.6,1920x1080,Intel,Core i7 7500U,2.7,Nvidia,GeForce 940MX,8,True,False,No OS,2.2,659.01
Asus,FX753VD-GC071T (i7-7700HQ/8GB/1TB/GeForce,Gaming,17.3,1920x1080,Intel,Core i7 7700HQ,2.8,Nvidia,GeForce GTX 1050,8,True,False,Windows,3.0,1187.0
HP,17-BS037cl (i3-6006U/8GB/1TB/W10),Notebook,17.3,1600x900,Intel,Core i3 6006U,2.0,Intel,HD Graphics 520,8,True,False,Windows,2.54,489.0
Dell,XPS 15,Notebook,15.6,1920x1080,Intel,Core i7 7700HQ,2.8,Nvidia,GeForce GTX 1050,8,False,True,Windows,2.0,1829.0
Lenovo,V330-15IKB (i5-8250U/8GB/256GB/FHD/W10),Notebook,15.6,1920x1080,Intel,Core i5 8250U,1.6,Intel,UHD Graphics 620,8,False,True,Windows,2.05,739.0
Lenovo,Legion Y720-15IKB,Gaming,15.6,1920x1080,Intel,Core i7 7700HQ,2.8,Nvidia,GeForce GTX 1060,8,True,False,Windows,3.2,1299.0
Acer,Aspire A715-71G,Notebook,15.6,1920x1080,Intel,Core i7 7700HQ,2.8,Nvidia,GeForce GTX 1050 Ti,8,False,True,Linux,2.5,979.0
Asus,ZenBook UX530UQ-PRO,Ultrabook,15.6,1920x1080,Intel,Core i7 7500U,2.7,Nvidia,GeForce 940MX,16,False,True,Windows,1.63,1468.0
Asus,VivoBook S14,Notebook,14.0,1366x768,Intel,Core i3 7100U,2.4,Intel,HD Graphics 620,4,False,True,Windows,1.3,509.0
Asus,Rog GL702VS-GC095T,Gaming,17.3,1920x1080,Intel,Core i7 7700HQ,2.8,Nvidia,GeForce GTX 1070,16,True,True,Windows,2.9,2122.0
Lenovo,IdeaPad 320-17IKB,Notebook,17.3,1600x900,Intel,Core i5 7200U,2.5,Nvidia,GeForce GTX 940M,6,True,False,Windows,2.8,649.0
Lenovo,IdeaPad 320-15IKBN,Notebook,15.6,1366x768,Intel,Core i5 7200U,2.5,Nvidia,GeForce 940MX,8,True,False,No OS,2.2,549.0
Asus,GL553VE-FY082T (i7-7700HQ/8GB/1TB,Gaming,15.6,1920x1080,Intel,Core i7 7700HQ,2.8,Nvidia,GeForce GTX 1050 Ti,8,True,True,Windows,2.5,1265.0
Lenovo,IdeaPad 320-15IKB,Notebook,15.6,1920x1080,Intel,Core i5 7200U,2.5,Nvidia,GeForce 940MX,8,True,True,Windows,2.3,819.0
HP,250 G6,Notebook,15.6,1920x1080,Intel,Core i3 6006U,2.0,Intel,HD Graphics 520,4,True,False,Windows,1.86,469.0
Lenovo,IdeaPad 720S-13IKB,Notebook,13.3,1920x1080,Intel,Core i5 7200U,2.5,Intel,HD Graphics 620,8,False,True,Windows,1.1,999.0
Dell,XPS 13,Ultrabook,13.3,3840x2160,Intel,Core i7 8550U,1.8,Intel,UHD Graphics 620,16,False,True,Windows,1.21,2499.0
Dell,Inspiron 5570,Notebook,15.6,1920x1080,Intel,Core i5 8250U,1.6,AMD,Radeon 530,8,True,True,Windows,2.33,844.0
HP,ProBook 640,Notebook,14.0,1920x1080,Intel,Core i5 7200U,2.5,Intel,HD Graphics 620,8,False,True,Windows,1.95,980.0
HP,Elitebook 840,Notebook,14.0,1920x1080,Intel,Core i7 7500U,2.7,Intel,HD Graphics 620,8,False,True,Windows,1.48,1292.0
Lenovo,IdeaPad 320-17IKB,Notebook,17.3,1600x900,Intel,Core i5 7200U,2.5,Nvidia,GeForce 920MX,4,True,False,Windows,2.79,589.0
Asus,ZenBook UX410UA-GV183T,Notebook,14.0,1920x1080,Intel,Core i7 7500U,2.7,Intel,HD Graphics 620,8,False,True,Windows,2.0,1094.0
HP,ProBook 450,Notebook,15.6,1366x768,Intel,Core i7 8550U,1.8,Intel,UHD Graphics 620,8,True,False,Windows,2.1,902.0
Acer,Aspire E5-575,Notebook,15.6,1366x768,Intel,Core i5 7200U,2.5,Intel,HD Graphics 620,6,True,False,Windows,2.23,549.0
Asus,VivoBook S15,Ultrabook,15.6,1920x1080,Intel,Core i7 7500U,2.7,Nvidia,GeForce 940MX,8,False,True,Windows,1.7,1049.9
HP,Elitebook 820,Ultrabook,12.5,1920x1080,Intel,Core i7 7500U,2.7,Intel,HD Graphics 620,8,False,True,Windows,1.26,1335.0
Dell,XPS 15,Notebook,15.6,3840x2160,Intel,Core i7 7700HQ,2.8,Nvidia,GeForce GTX 1050,32,False,True,Windows,2.06,2639.0
Asus,UX510UX-CN269T (i7-7500U/8GB/256GB,Notebook,14.0,1920x1080,Intel,Core i7 7500U,2.7,Intel,HD Graphics 620,8,True,True,Windows,2.0,1334.0
Lenovo,V310-15ISK (i3-6006U/4GB/1TB/FHD/W10),Notebook,15.6,1920x1080,Intel,Core i3 6006U,2.0,Intel,HD Graphics 520,4,True,False,Windows,1.85,449.0
Asus,FX553VD-FY647T (i7-7700HQ/8GB/256GB/GeForce,Gaming,15.6,1920x1080,Intel,Core i7 7700HQ,2.8,Nvidia,GeForce GTX 1050,8,False,True,Windows,2.5,999.0
HP,EliteBook 840,Notebook,14.0,1920x1080,Intel,Core i5 7300U,2.6,Intel,HD Graphics 620,8,False,True,Windows,1.48,1268.0
Dell,Inspiron 7570,Ultrabook,15.6,1920x1080,Intel,Core i5 8250U,1.6,Nvidia,GeForce 940MX,8,True,True,Windows,1.9,1049.0
HP,Elitebook 850,Notebook,15.6,1920x1080,Intel,Core i5 7200U,2.5,Intel,HD Graphics 620,8,False,True,Windows,1.84,1144.0
Dell,Inspiron 7570,Notebook,15.6,1920x1080,Intel,Core i5 8250U,1.6,Nvidia,GeForce 940MX,8,False,True,Windows,2.0,1142.75
HP,ProBook 450,Notebook,15.6,1920x1080,Intel,Core i3 7100U,2.4,Nvidia,GeForce 930MX,8,True,False,Windows,2.1,716.0
Dell,XPS 13,Ultrabook,13.3,1920x1080,Intel,Core i7 8550U,1.8,Intel,UHD Graphics 620,8,False,True,Windows,1.2,1579.0
Lenovo,Legion Y520-15IKBN,Gaming,15.6,1920x1080,Intel,Core i7 7700HQ,2.8,Nvidia,GeForce GTX 1050 Ti,16,True,True,Windows,2.4,1129.0
Dell,Latitude 5590,Ultrabook,15.6,1920x1080,Intel,Core i7 8650U,1.9,Intel,UHD Graphics 620,16,False,True,Windows,1.88,1607.96
Dell,Inspiron 5570,Ultrabook,15.6,1920x1080,Intel,Core i5 8250U,1.6,AMD,Radeon 530,8,True,False,Windows,1.9,663.0
Dell,XPS 15,Notebook,15.6,3840x2160,Intel,Core i7 7700HQ,2.8,Nvidia,GeForce GTX 1050,16,False,True,Windows,2.06,2027.42
HP,Elitebook 850,Notebook,15.6,1920x1080,Intel,Core i7 7500U,2.7,Intel,HD Graphics 620,8,False,True,Windows,1.84,1304.0
Dell,Inspiron 5570,Notebook,15.6,1920x1080,Intel,Core i7 8550U,1.8,AMD,Radeon 530,8,True,True,Windows,2.02,970.9
Dell,Inspiron 7577,Gaming,15.6,1920x1080,Intel,Core i5 7300HQ,2.5,Nvidia,GeForce GTX 1050,8,True,False,Windows,2.65,999.0
Dell,Inspiron 3567,Notebook,15.6,1366x768,Intel,Core i5 7200U,2.5,Intel,HD Graphics 620,8,True,False,Windows,2.36,557.37
Dell,Latitude 7480,Notebook,14.0,1920x1080,Intel,Core i5 7300U,2.6,Intel,HD Graphics 620,8,False,True,Windows,1.36,1427.0
HP,250 G6,Notebook,15.6,1366x768,Intel,Core i3 6006U,2.0,Intel,HD Graphics 520,4,True,False,Windows,1.86,439.0
Asus,Zenbook UX410UA-GV027T,Notebook,14.0,1920x1080,Intel,Core i5 7200U,2.5,Intel,HD Graphics 620,8,False,True,Windows,2.0,945.0
Lenovo,IdeaPad 320-17IKB,Notebook,17.3,1600x900,Intel,Core i5 7200U,2.5,Nvidia,GeForce GTX 940MX,6,True,True,Windows,2.8,719.0
HP,250 G6,Notebook,15.6,1920x1080,Intel,Core i5 7200U,2.5,Intel,HD Graphics 620,8,True,False,Windows,1.86,639.0
Lenovo,IdeaPad 320-15ISK,Notebook,15.6,1366x768,Intel,Core i3 6006U,2.0,Nvidia,GeForce 920MX,8,False,True,No OS,2.2,499.0
Dell,Inspiron 5770,Notebook,17.3,1920x1080,Intel,Core i5 8250U,1.6,AMD,Radeon 530,8,True,True,Windows,2.8,1085.0
Lenovo,Legion Y520-15IKBN,Gaming,15.6,1920x1080,Intel,Core i5 7300HQ,2.5,Nvidia,GeForce GTX 1050,8,True,True,No OS,2.4,809.0
Dell,Inspiron 5567,Notebook,15.6,1920x1080,Intel,Core i7 7500U,2.7,AMD,Radeon R7 M445,8,False,True,Windows,2.33,899.0
HP,Elitebook 1040,Ultrabook,14.0,1920x1080,Intel,Core i7 7500U,2.7,Intel,HD Graphics 620,8,False,True,Windows,1.36,1750.0
Acer,Aspire 7,Notebook,15.6,1920x1080,Intel,Core i7 7700HQ,2.8,Nvidia,GeForce GTX 1050,8,True,False,Linux,2.4,846.0
HP,Omen 17-w212nv,Gaming,17.3,1920x1080,Intel,Core i7 7700HQ,2.8,Nvidia,GeForce GTX 1050,8,True,True,Windows,3.35,1191.0
Lenovo,V310-15ISK (i3-6006U/4GB/128GB/FHD/No,Notebook,15.6,1920x1080,Intel,Core i3 6006U,2.0,Intel,HD Graphics 520,4,False,True,No OS,1.85,403.5
Asus,ROG Strix,Gaming,15.6,1920x1080,Intel,Core i7 7700HQ,2.8,Nvidia,GeForce GTX 1060,8,True,True,Windows,2.3,1655.0
Lenovo,IdeaPad 720S-14IKB,Notebook,14.0,1920x1080,Intel,Core i5 7200U,2.5,Nvidia,GeForce 940MX,8,False,True,Windows,1.5,1099.0
Asus,Zenbook Flip,Ultrabook,13.3,1920x1080,Intel,Core i7 7500U,2.7,Intel,HD Graphics 620,16,False,True,Windows,1.1,1748.9
Lenovo,Thinkpad X1,Ultrabook,14.0,2560x1440,Intel,Core i7 7500U,2.7,Intel,HD Graphics 620,8,False,True,Windows,1.13,2282.0
Lenovo,Ideapad 510S-13IKB,Notebook,13.3,1920x1080,Intel,Core i3 7100U,2.4,Intel,HD Graphics 620,4,False,True,Windows,1.5,549.0
Asus,Rog GL753VD-GC042T,Gaming,17.3,1920x1080,Intel,Core i7 7700HQ,2.8,Nvidia,GeForce GTX 1050,8,True,False,Windows,3.0,1039.0
Asus,Rog GL753VE-GC070T,Gaming,17.3,1920x1080,Intel,Core i7 7700HQ,2.8,Nvidia,GeForce GTX 1050 Ti,16,True,True,Windows,3.0,1591.0
Acer,Aspire 5,Notebook,15.6,1366x768,Intel,Core i5 8250U,1.6,Nvidia,GeForce MX130,12,True,False,Windows,2.2,693.99
Dell,Inspiron 5567,Notebook,15.6,1920x1080,Intel,Core i7 7500U,2.7,AMD,Radeon R7 M445,8,False,True,Linux,2.33,778.87
Lenovo,ThinkPad E580,Notebook,15.6,1920x1080,Intel,Core i7 8550U,1.8,AMD,Radeon RX 550,8,False,True,Windows,2.1,1229.56
Lenovo,ThinkPad L470,Notebook,14.0,1920x1080,Intel,Core i5 7200U,2.5,Intel,HD Graphics 620,8,False,True,Windows,1.9,938.0
Lenovo,Thinkpad X1,Ultrabook,14.0,2560x1440,Intel,Core i7 7500U,2.7,Intel,HD Graphics 620,16,False,True,Windows,1.13,2625.0
Asus,FX753VD-GC461T (i7-7700HQ/16GB/1TB,Gaming,17.3,1920x1080,Intel,Core i7 7700HQ,2.8,Nvidia,GeForce GTX 1050,16,True,True,Windows,2.9,1529.0
Lenovo,ThinkPad E580,Notebook,15.6,1920x1080,Intel,Core i5 8250U,1.6,AMD,Radeon RX 550,8,True,True,Windows,2.1,1144.5
Acer,Aspire 7,Notebook,15.6,1920x1080,Intel,Core i7 7700HQ,2.8,Nvidia,GeForce GTX 1050,8,False,True,Linux,2.5,879.0
Asus,Zenbook 3,Ultrabook,14.0,1920x1080,Intel,Core i7 7500U,2.7,Intel,HD Graphics 620,8,False,True,Windows,1.1,1873.0
Dell,Latitude 7480,Ultrabook,14.0,1920x1080,Intel,Core i7 7600U,2.8,Intel,HD Graphics,8,False,True,Windows,1.36,1680.0
Lenovo,IdeaPad 320-15ISK,Notebook,15.6,1920x1080,Intel,Core i3 6006U,2.0,Intel,HD Graphics 520,4,True,False,Windows,2.2,409.0
Lenovo,Thinkpad T470p,Ultrabook,14.0,2560x1440,Intel,Core i7 7700HQ,2.8,Nvidia,GeForce GT 940MX,8,False,True,Windows,1.7,1943.0
HP,15-BS028nv (i3-6006U/4GB/1TB/Radeon,Notebook,15.6,1920x1080,Intel,Core i3 6006U,2.0,AMD,Radeon 520,4,True,False,Windows,2.1,469.0
Dell,Inspiron 3567,Notebook,15.6,1920x1080,Intel,Core i5 7200U,2.5,AMD,Radeon R5 M430,4,False,True,Linux,2.3,598.9
Dell,Latitude 3380,Notebook,13.3,1366x768,Intel,Core i3 6006U,2.0,Intel,HD Graphics 520,4,False,True,Windows,1.65,689.0
HP,EliteBook 1040,Ultrabook,14.0,1920x1080,Intel,Core i7 6500U,2.5,Intel,HD Graphics 520,8,False,True,Windows,1.43,1500.0
Dell,Inspiron 3567,Notebook,15.6,1366x768,Intel,Core i5 7200U,2.5,Intel,HD Graphics 620,8,True,False,Windows,2.14,539.95
Lenovo,ThinkPad E480,Ultrabook,14.0,1920x1080,Intel,Core i7 8550U,1.8,AMD,Radeon RX 550,8,False,True,Windows,1.75,1215.38
HP,ProBook 650,Notebook,15.6,1920x1080,Intel,Core i7 7820HQ,2.9,Intel,HD Graphics 630,8,False,True,Windows,2.31,1427.0
Asus,X542UQ-DM117 (i3-7100U/8GB/1TB/GeForce,Notebook,15.6,1920x1080,Intel,Core i3 7100U,2.4,Nvidia,GeForce 940MX,8,True,False,Linux,2.3,597.0
Dell,Alienware 17,Gaming,17.3,2560x1440,Intel,Core i7 7820HK,2.9,Nvidia,GeForce GTX 1070,16,True,True,Windows,4.42,2799.0
Dell,Inspiron 7577,Gaming,15.6,1920x1080,Intel,Core i7 7700HQ,2.8,Nvidia,GeForce GTX 1050 Ti,8,True,True,Windows,2.62,1159.0
Dell,Inspiron 5570,Notebook,15.6,1920x1080,Intel,Core i7 8550U,1.8,AMD,Radeon 530,8,True,True,Windows,2.02,1142.4
Dell,Latitude 5480,Ultrabook,14.0,1920x1080,Intel,Core i7 7600U,2.8,Intel,HD Graphics 620,8,False,True,Linux,1.6,1099.0
HP,Omen 17-w207nv,Gaming,17.3,1920x1080,Intel,Core i7 7700HQ,2.8,Nvidia,GeForce GTX 1070,12,True,True,Windows,3.35,1999.0
Lenovo,Thinkpad 13,Notebook,13.3,1920x1080,Intel,Core i7 7500U,2.7,Intel,HD Graphics 620,8,False,True,Windows,1.4,1010.0
Lenovo,IdeaPad 320s-14IKB,Notebook,14.0,1920x1080,Intel,Core i3 7130U,2.7,Intel,HD Graphics 620,4,False,True,Windows,1.7,599.0
Lenovo,Thinkpad P51,Notebook,15.6,1920x1080,Intel,Core i7 7820HQ,2.9,Nvidia,Quadro M2200M,16,False,True,Windows,2.5,2449.0
Lenovo,ThinkPad T470s,Ultrabook,14.0,2560x1440,Intel,Core i7 7500U,2.7,Intel,HD Graphics 620,24,False,True,Windows,1.32,2382.0
Asus,VivoBook Max,Notebook,15.6,1920x1080,Intel,Core i5 7200U,2.5,Intel,HD Graphics 620,4,False,True,Linux,2.0,559.0
Dell,Inspiron 5570,Notebook,15.6,1920x1080,Intel,Core i5 8250U,1.6,AMD,Radeon 530,4,False,True,Windows,2.2,749.0
Lenovo,ThinkPad X270,Ultrabook,12.5,1920x1080,Intel,Core i5 7200U,2.5,Intel,HD Graphics 620,8,False,True,Windows,1.36,1429.0
HP,Omen 15-AX205na,Gaming,15.6,1920x1080,Intel,Core i7 7700HQ,2.8,Nvidia,GeForce GTX 1050,8,True,True,Windows,2.2,1099.0
Dell,Latitude 5480,Notebook,14.0,1920x1080,Intel,Core i5 7440HQ,2.8,Nvidia,GeForce 930MX,8,False,True,Windows,1.64,1179.0
Acer,Aspire ES1-572,Notebook,15.6,1366x768,Intel,Core i5 7200U,2.5,Intel,HD Graphics 620,4,True,False,Linux,2.4,441.8
HP,15-bs024nv (i5-7200U/8GB/128GB/W10),Notebook,15.6,1366x768,Intel,Core i5 7200U,2.5,Intel,HD Graphics 620,8,False,True,Windows,1.91,589.0
Lenovo,ThinkPad T470,Notebook,14.0,1920x1080,Intel,Core i5 7200U,2.5,Intel,HD Graphics 620,8,False,True,Windows,1.65,1345.0
Dell,Inspiron 5570,Notebook,15.6,1920x1080,Intel,Core i7 8550U,1.8,AMD,Radeon 530,8,True,True,Windows,2.36,979.0
Dell,Alienware 17,Notebook,17.3,1920x1080,Intel,Core i7 7700HQ,2.7,Nvidia,GeForce GTX 1060,8,True,False,Windows,4.42,2046.0
HP,17-BS092ND (i3-6006U/8GB/256GB/W10),Notebook,17.3,1600x900,Intel,Core i3 6006U,2.0,Intel,HD Graphics 520,8,False,True,Windows,2.5,639.9
Acer,Aspire E5-576G,Notebook,15.6,1920x1080,Intel,Core i3 6006U,2.0,Nvidia,GeForce 940MX,4,True,False,Windows,2.23,544.0
Asus,Pro P2540UA-AB51,Notebook,15.6,1920x1080,Intel,Core i5 7200U,2.5,Intel,HD Graphics 620,8,True,False,Windows,2.37,749.0
Lenovo,IdeaPad 510s-14IKB,Notebook,14.0,1920x1080,Intel,Core i7 7500U,2.7,AMD,Radeon R7 M460,8,False,True,No OS,1.5,799.0
Lenovo,Thinkpad P51,Notebook,15.6,1920x1080,Intel,Core i7 7820HQ,2.9,Nvidia,Quadro M2200M,8,False,True,Windows,2.67,2090.0
Acer,Aspire 5,Notebook,15.6,1366x768,Intel,Core i3 6006U,2.0,Nvidia,GeForce GTX 940MX,4,True,False,Windows,2.2,469.0
Dell,Inspiron 5570,Notebook,15.6,1920x1080,Intel,Core i5 8250U,1.6,AMD,Radeon 530,8,True,False,Windows,2.02,759.0
HP,Omen 17-an006nv,Gaming,17.3,1920x1080,Intel,Core i7 7700HQ,2.8,Nvidia,GeForce GTX 1060,12,True,False,Windows,3.78,1699.0
Lenovo,Thinkpad T460s,Ultrabook,14.0,2560x1440,Intel,Core i7 6600U,2.6,Intel,HD Graphics 520,12,False,True,Windows,1.4,1858.0
HP,ZBook 15u,Notebook,15.6,1920x1080,Intel,Core i5 7200U,2.5,AMD,FirePro W4190M,8,True,False,Windows,1.9,1154.0
Dell,Latitude 7390,Ultrabook,13.3,1920x1080,Intel,Core i5 8250U,1.6,Intel,UHD Graphics 620,8,False,True,Windows,1.42,1841.85
Asus,ZenBook Pro,Notebook,15.6,3840x2160,Intel,Core i7 6700HQ,2.6,Intel,HD Graphics 530,12,True,True,Windows,2.06,1299.0
Dell,Latitude E5470,Notebook,14.0,1366x768,Intel,Core i3 6100U,2.3,Intel,HD Graphics 520,8,False,True,Windows,1.79,740.0
Lenovo,Thinkpad T470,Notebook,14.0,1920x1080,Intel,Core i5 7200U,2.5,Intel,HD Graphics 620,8,False,True,Windows,1.7,1364.0
Dell,Inspiron 3576,Notebook,15.6,1920x1080,Intel,Core i5 8250U,1.6,AMD,Radeon 520,8,True,False,Windows,2.2,675.0
Dell,Inspiron 7570,Notebook,15.6,1920x1080,Intel,Core i7 8550U,1.8,Nvidia,GeForce 940MX,8,False,True,Windows,2.16,1262.0
Dell,Vostro 3568,Notebook,15.6,1366x768,Intel,Core i3 7100U,2.4,Intel,HD Graphics 620,4,True,False,Windows,2.18,586.6
HP,ProBook 430,Notebook,13.3,1920x1080,Intel,Core i5 8250U,1.6,Intel,UHD Graphics 620,4,False,True,Windows,1.49,726.0
Lenovo,ThinkPad E570,Notebook,15.6,1366x768,Intel,Core i3 6006U,2.0,Intel,HD Graphics 520,4,False,True,Windows,2.3,565.0
Lenovo,ThinkPad E480,Notebook,14.0,1920x1080,Intel,Core i5 8250U,1.6,Intel,UHD Graphics 620,8,False,True,Windows,1.75,1049.0
Dell,XPS 15,Notebook,15.6,1920x1080,Intel,Core i7 7700HQ,2.8,Nvidia,GeForce GTX 1050,16,False,True,Windows,2.06,1899.0
Lenovo,Thinkpad X270,Ultrabook,12.5,1920x1080,Intel,Core i7 7500U,2.7,Intel,HD Graphics 620,16,False,True,Windows,1.36,1798.0
Asus,Zenbook UX390UA,Ultrabook,12.5,1920x1080,Intel,Core i7 7500U,2.7,Intel,HD Graphics 620,16,False,True,Windows,0.91,1950.0
Lenovo,Thinkpad E570,Notebook,15.6,1920x1080,Intel,Core i5 7200U,2.5,Nvidia,GeForce 940MX,8,False,True,Windows,2.3,1011.99
Asus,VivoBook Pro,Gaming,15.6,1920x1080,Intel,Core i7 7700HQ,2.8,Nvidia,GeForce GTX 1050,8,True,True,Windows,1.99,1350.0
Asus,Rog G752VL-UH71T,Gaming,17.3,1920x1080,Intel,Core i7 6700HQ,2.6,Nvidia,GeForce GTX 965M,24,True,True,Windows,4.33,1269.0
Lenovo,Thinkpad X260,Ultrabook,12.5,1366x768,Intel,Core i5 6200U,2.3,Intel,HD Graphics 520,8,False,True,Windows,1.3,1099.0
Lenovo,Ideapad 520-15IKBR,Notebook,15.6,1920x1080,Intel,Core i7 8550U,1.8,Intel,UHD Graphics 620,8,False,True,Windows,2.17,898.9
HP,EliteBook 840,Notebook,14.0,1920x1080,Intel,Core i7 7600U,2.8,Intel,HD Graphics 620,8,False,True,Windows,1.48,1749.0
Lenovo,ThinkPad 13,Notebook,13.3,1920x1080,Intel,Core i3 7100U,2.4,Intel,HD Graphics 620,8,False,True,Windows,1.4,949.0
Lenovo,ThinkPad L570,Notebook,15.6,1920x1080,Intel,Core i5 7200U,2.5,Intel,HD Graphics 620,8,False,True,Windows,2.3,911.0
HP,15-BS026nv (i5-7200U/8GB/256GB/Radeon,Notebook,15.6,1366x768,Intel,Core i5 7200U,2.5,AMD,Radeon 520,8,False,True,Windows,1.91,618.99
Lenovo,ThinkPad 13,Notebook,13.3,1920x1080,Intel,Core i5 7200U,2.5,Intel,HD Graphics 620,8,False,True,Windows,1.44,949.0
Asus,ZenBook UX510UX-CN211T,Notebook,15.6,1920x1080,Intel,Core i7 7500U,2.7,Intel,HD Graphics 620,8,True,True,Windows,2.0,1224.0
Acer,Aspire A515-51G-59QF,Notebook,15.6,1920x1080,Intel,Core i5 8250U,1.6,Nvidia,GeForce MX150,4,True,False,Windows,2.2,613.0
HP,Envy 13-AB002nv,Ultrabook,13.3,1920x1080,Intel,Core i7 7500U,2.7,Intel,HD Graphics 620,8,False,True,Windows,1.34,1323.0
Lenovo,Legion Y520-15IKBN,Gaming,15.6,1920x1080,Intel,Core i7 7700HQ,2.8,Nvidia,GeForce GTX 1060,8,True,True,No OS,2.4,1149.0
Dell,XPS 13,Ultrabook,13.3,1920x1080,Intel,Core i5 7200U,2.5,Intel,HD Graphics 620,8,False,True,Windows,1.29,899.0
Acer,Aspire A515-51G,Notebook,15.6,1920x1080,Intel,Core i7 7500U,2.7,Nvidia,GeForce 940MX,4,True,False,Windows,2.2,639.0
Dell,Vostro 5568,Notebook,15.6,1920x1080,Intel,Core i5 7200U,2.5,Intel,HD Graphics 620,8,True,False,Windows,2.18,836.0
Dell,Inspiron 5570,Notebook,15.6,1920x1080,Intel,Core i7 8550U,1.8,AMD,Radeon 530,16,True,True,Windows,2.2,1219.24
HP,15-bs190od (i5-8250U/4GB/1TB/W10),Notebook,15.6,1366x768,Intel,Core i5 8250U,1.6,Intel,UHD Graphics 620,4,True,False,Windows,2.04,521.47
Asus,ROG Zephyrus,Gaming,15.6,1920x1080,Intel,Core i7 7700HQ,2.8,Nvidia,GeForce GTX1080,24,False,True,Windows,2.24,2968.0
HP,Probook 450,Notebook,15.6,1920x1080,Intel,Core i5 7200U,2.5,Nvidia,GeForce 930MX,8,False,True,Windows,2.04,889.0
Asus,FX753VE-GC155T (i7-7700HQ/16GB/1TB,Gaming,17.3,1920x1080,Intel,Core i7 7700HQ,2.8,Nvidia,GeForce GTX1050 Ti,16,True,True,Windows,3.0,1504.0
Lenovo,Legion Y720-15IKB,Gaming,15.6,1920x1080,Intel,Core i7 7700HQ,2.8,Nvidia,GeForce GTX 1060,8,True,True,Windows,3.2,1399.0
HP,Spectre X360,Ultrabook,13.3,1920x1080,Intel,Core i7 7500U,2.7,Intel,HD Graphics 620,8,False,True,Windows,1.32,1399.0
Dell,Latitude 5480,Notebook,14.0,1920x1080,Intel,Core i5 7300U,2.6,Intel,HD Graphics 620,8,False,True,Windows,1.64,1279.73
HP,ProBook 440,Notebook,15.6,1366x768,Intel,Core i3 6006U,2.0,Intel,HD Graphics 520,4,False,True,Windows,1.63,689.0
Dell,Inspiron 5770,Notebook,17.3,1920x1080,Intel,Core i5 8250U,1.6,AMD,Radeon 530,8,True,True,Linux,2.8,889.0
Lenovo,ThinkPad L470,Notebook,14.0,1920x1080,Intel,Core i5 6200U,2.3,Intel,HD Graphics 520,8,False,True,Windows,2.02,1340.0
Lenovo,IdeaPad 320-15IKB,Notebook,15.6,1920x1080,Intel,Core i7 7500U,2.7,Nvidia,GeForce 920MX,4,True,False,Windows,2.2,799.0
Lenovo,IdeaPad 320-15ISK,Notebook,15.6,1366x768,Intel,Core i3 6006U,2.0,Nvidia,GeForce 920MX,8,True,False,No OS,2.2,459.0
Dell,Inspiron 3567,Notebook,15.6,1920x1080,Intel,Core i5 7200U,2.5,AMD,Radeon R5 M430,4,True,False,Windows,2.3,585.0
Dell,Latitude 5580,Notebook,15.6,1920x1080,Intel,Core i5 7440HQ,2.8,Intel,HD Graphics 620,8,False,True,Windows,1.9,1377.0
Dell,Alienware 17,Gaming,17.3,1920x1080,Intel,Core i7 7700HQ,2.8,Nvidia,GeForce GTX 1070,16,True,True,Windows,4.42,3012.77
Asus,Zenbook UX510UW-FI095T,Notebook,15.6,3840x2160,Intel,Core i7 7500U,2.7,Nvidia,GeForce GTX 960M,8,True,True,Windows,2.0,1299.0
Asus,ROG Strix,Gaming,15.6,1920x1080,Intel,Core i5 7300HQ,2.5,Nvidia,GeForce GTX 1060,8,True,True,Windows,2.3,1649.0
Dell,Latitude 5580,Notebook,15.6,1920x1080,Intel,Core i7 7600U,2.8,Nvidia,GeForce 930MX,8,False,True,Windows,1.93,1369.0
Dell,Inspiron 5570,Notebook,15.6,1920x1080,Intel,Core i5 8250U,1.6,AMD,Radeon 530,8,False,True,Windows,2.2,797.41
HP,Omen 15-ce006nv,Gaming,17.3,1920x1080,Intel,Core i7 7700HQ,2.8,Nvidia,GeForce GTX 1060,12,True,False,Windows,2.62,1799.0
Lenovo,Thinkpad E470,Notebook,14.0,1920x1080,Intel,Core i7 7500U,2.7,Nvidia,GeForce 940MX,8,False,True,Windows,1.87,859.0
Dell,XPS 13,Ultrabook,13.3,3200x1800,Intel,Core i7 8550U,1.8,Intel,UHD Graphics 620,8,False,True,Windows,1.2,1399.0
Dell,Vostro 5468,Notebook,14.0,1920x1080,Intel,Core i3 6006U,2.0,Intel,HD Graphics 520,4,False,True,Windows,1.6,735.87
HP,Envy 13-AB020nr,Ultrabook,13.3,3200x1800,Intel,Core i7 7500U,2.7,Intel,HD Graphics 620,8,False,True,Windows,1.34,1145.0
Acer,Aspire 7,Gaming,15.6,1920x1080,Intel,Core i5 7300HQ,2.5,Nvidia,GeForce GTX 1050,8,True,False,Linux,2.4,798.0
HP,ProBook 450,Notebook,15.6,1920x1080,Intel,Core i3 7100U,2.4,Intel,HD Graphics 620,4,False,True,Windows,2.1,705.5
Lenovo,ThinkPad E470,Notebook,14.0,1920x1080,Intel,Core i5 7200U,2.5,Intel,HD Graphics 620,4,True,False,Windows,1.87,785.0
Lenovo,V310-15ISK (i5-6200U/4GB/1TB/FHD/No,Notebook,15.6,1920x1080,Intel,Core i5 6200U,2.3,Intel,HD Graphics 520,4,True,False,No OS,2.15,462.35
HP,250 G6,Notebook,15.6,1920x1080,Intel,Core i3 6006U,2.0,Intel,HD Graphics 520,4,True,False,Windows,1.86,397.0
Lenovo,ThinkPad T570,Notebook,15.6,1920x1080,Intel,Core i7 7500U,2.7,Intel,HD Graphics 620,8,False,True,Windows,1.99,1729.0
Lenovo,IdeaPad 320-15ISK,Notebook,15.6,1920x1080,Intel,Core i3 6006U,2.0,Intel,HD Graphics 520,4,False,True,Windows,2.2,499.0
Dell,Latitude 5580,Notebook,15.6,1920x1080,Intel,Core i5 7200U,2.5,Intel,HD Graphics 620,8,False,True,Windows,1.9,1116.99
Dell,Alienware 17,Gaming,17.3,1920x1080,Intel,Core i7 7700HQ,2.8,Nvidia,GeForce GTX 1070,16,True,True,Windows,4.42,2699.0
HP,17-X047na (i3-6006U/8GB/1TB/W10),Notebook,17.3,1600x900,Intel,Core i3 6006U,2.0,Intel,HD Graphics 520,8,True,False,Windows,2.65,544.15
HP,ProBook 470,Notebook,17.3,1920x1080,Intel,Core i7 7500U,2.7,Nvidia,GeForce 930MX,8,True,False,Windows,2.63,1280.0
Lenovo,IdeaPad 320-17IKB,Notebook,17.3,1600x900,Intel,Core i7 7500U,2.7,Nvidia,GeForce 940MX,6,True,True,Windows,2.8,949.0
Dell,Vostro 3568,Notebook,15.6,1366x768,Intel,Core i3 6006U,2.0,AMD,Radeon R5 M420,4,True,False,Windows,2.18,617.9
Lenovo,V330-15IKB (i3-7130U/4GB/128GB/FHD/W10),Notebook,15.6,1920x1080,Intel,Core i3 7130U,2.7,Intel,HD Graphics 620,4,False,True,Windows,2.05,630.0
Lenovo,Thinkpad P71,Notebook,17.3,1920x1080,Intel,Core i7 7700HQ,2.8,Nvidia,Quadro M620M,8,False,True,Windows,3.4,2999.0
Asus,FX553VD-DM627T (i5-7300HQ/8GB/1TB,Notebook,15.6,1920x1080,Intel,Core i5 7300HQ,2.5,Nvidia,GeForce GTX 1050,8,True,True,Windows,2.5,839.0
Dell,XPS 13,Ultrabook,13.3,3840x2160,Intel,Core i5 8250U,1.6,Intel,UHD Graphics 620,8,False,True,Windows,1.21,1599.0
Dell,Latitude 5580,Notebook,15.6,1366x768,Intel,Core i5 7300U,2.6,Intel,HD Graphics 620,4,True,False,Windows,1.93,959.0
Lenovo,ThinkPad L470,Notebook,14.0,1366x768,Intel,Core i5 7200U,2.5,Intel,HD Graphics 620,4,True,False,Windows,2.02,990.0
Lenovo,Thinkpad E570,Notebook,15.6,1920x1080,Intel,Core i5 7200U,2.5,Intel,HD Graphics 620,8,False,True,Windows,2.3,830.0
Lenovo,V330-15IKB (i5-8250U/4GB/500GB/FHD/W10),Notebook,15.6,1920x1080,Intel,Core i5 8250U,1.6,Intel,HD Graphics 620,4,True,False,Windows,2.05,685.0
Lenovo,IdeaPad Y910-17ISK,Gaming,17.3,1920x1080,Intel,Core i7 6820HK,2.7,Nvidia,GeForce GTX 1070,32,True,True,Windows,4.6,2663.0
Dell,Inspiron 3567,Notebook,15.6,1920x1080,Intel,Core i7 7500U,2.7,AMD,Radeon R5 M430,8,False,True,Linux,2.2,749.01
Dell,Latitude 5580,Notebook,15.6,1366x768,Intel,Core i5 7300U,2.6,Intel,HD Graphics 620,8,True,False,Windows,1.9,1008.52
HP,ProBook 430,Notebook,13.3,1920x1080,Intel,Core i3 7100U,2.4,Intel,HD Graphics 620,4,False,True,Windows,1.49,719.0
Dell,Latitude 5580,Notebook,15.6,1920x1080,Intel,Core i7 7600U,2.8,Nvidia,GeForce 930MX,16,False,True,Windows,1.93,1537.39
HP,Omen 17-AN010nv,Gaming,17.3,1920x1080,Intel,Core i7 7700HQ,2.8,Nvidia,GeForce GTX 1050,16,True,True,Windows,3.78,1498.0
Lenovo,Thinkpad T460s,Ultrabook,14.0,1920x1080,Intel,Core i7 6600U,2.6,Intel,HD Graphics 520,12,False,True,Windows,1.4,1673.0
Lenovo,Ideapad 320-15IKBR,Notebook,15.6,1366x768,Intel,Core i7 8550U,1.8,Intel,HD Graphics 620,12,True,False,Windows,2.2,609.0
Asus,ROG Strix,Gaming,17.3,1920x1080,Intel,Core i5 7300HQ,2.5,Nvidia,GeForce GTX 1060,8,True,True,Windows,2.73,1770.0
Lenovo,V320-17ISK (i3-6006U/4GB/500GB/FHD/No,Notebook,17.3,1920x1080,Intel,Core i3 6006U,2.0,Intel,HD Graphics 520,4,True,False,No OS,2.8,529.0
Lenovo,IdeaPad 110-15ISK,Notebook,15.6,1366x768,Intel,Core i3 6100U,2.3,Intel,HD Graphics 520,8,True,False,Windows,2.29,459.0
Lenovo,Thinkpad T470p,Notebook,14.0,1920x1080,Intel,Core i5 7300HQ,2.5,Intel,HD Graphics 630,8,False,True,Windows,1.7,1474.0
HP,EliteBook 850,Notebook,15.6,1920x1080,Intel,Core i7 7500U,2.7,Intel,HD Graphics 620,8,False,True,Windows,1.84,1219.0
HP,ProBook 450,Notebook,15.6,1366x768,Intel,Core i3 7100U,2.4,Intel,HD Graphics 620,4,True,False,Windows,2.1,668.48
Dell,Vostro 3568,Notebook,15.6,1366x768,Intel,Core i3 6006U,2.0,AMD,Radeon R5 M420,4,True,False,Linux,2.18,465.0
Lenovo,IdeaPad 310-15IKB,Notebook,15.6,1920x1080,Intel,Core i5 7200U,2.5,Intel,HD Graphics 620,6,True,False,Windows,2.4,564.0
Dell,Inspiron 7559,Gaming,15.6,1920x1080,Intel,Core i7 6700HQ,2.6,Nvidia,GeForce GTX 960<U+039C>,16,True,False,Windows,2.59,879.01
Dell,Vostro 3568,Notebook,15.6,1366x768,Intel,Core i3 6006U,2.0,Intel,HD Graphics 520,4,True,False,Linux,2.18,443.9
Dell,Inspiron 3567,Notebook,15.6,1366x768,Intel,Core i3 6006U,2.0,Intel,HD Graphics 520,4,True,False,Linux,2.25,359.0
Dell,Latitude 5580,Notebook,15.6,1366x768,Intel,Core i5 7300U,2.6,Intel,HD Graphics 620,4,True,False,Linux,1.93,869.0
Asus,FX753VD-GC007T (i7-7700HQ/8GB/1TB,Gaming,17.3,1920x1080,Intel,Core i7 7700HQ,2.8,Nvidia,GeForce GTX 1050,8,True,True,Windows,3.0,1168.0
Dell,Vostro 3568,Notebook,15.6,1920x1080,Intel,Core i5 7200U,2.5,AMD,Radeon R5 M420,4,False,True,Linux,2.18,569.0
HP,EliteBook 850,Ultrabook,15.6,1920x1080,Intel,Core i7 7500U,2.7,Intel,HD Graphics 620,8,False,True,Windows,1.84,1389.0
HP,ProBook 650,Notebook,14.0,1366x768,Intel,Core i5 7300U,2.6,Intel,HD Graphics 620,8,False,True,Windows,2.31,1124.0
Lenovo,ThinkPad T470,Notebook,14.0,1920x1080,Intel,Core i5 6200U,2.3,Intel,HD Graphics 520,8,False,True,Windows,1.65,1465.0
Dell,Inspiron 5570,Notebook,15.6,1920x1080,Intel,Core i5 8250U,1.6,AMD,Radeon 530,4,True,False,Windows,2.2,776.0
HP,EliteBook 850,Notebook,15.6,1366x768,Intel,Core i5 6200U,2.3,Intel,HD Graphics 520,4,True,False,Windows,1.88,932.0
Lenovo,IdeaPad 320-15IKB,Notebook,15.6,1920x1080,Intel,Core i7 7500U,2.7,Nvidia,GeForce 920MX,8,True,False,Windows,2.2,899.0
Lenovo,IdeaPad 320-15IKBN,Notebook,15.6,1920x1080,Intel,Core i5 7200U,2.5,Intel,HD Graphics 620,4,False,True,No OS,2.2,468.0
Dell,XPS 15,Notebook,15.6,1920x1080,Intel,Core i7 7700HQ,2.8,Nvidia,GeForce GTX 1050,8,False,True,Windows,2.0,1820.0
Asus,ZenBook 3,Ultrabook,14.0,1920x1080,Intel,Core i7 7500U,2.7,Intel,HD Graphics 620,16,False,True,Windows,1.1,1900.0
Dell,Inspiron 7567,Gaming,15.6,1920x1080,Intel,Core i7 7700HQ,2.8,Nvidia,GeForce GTX 1050 Ti,16,True,True,Windows,2.62,1479.0
Lenovo,V330-15IKB (i5-8250U/4GB/256GB/FHD/W10),Notebook,15.6,1920x1080,Intel,Core i5 8250U,1.6,Intel,UHD Graphics 620,4,False,True,Windows,1.8,829.0
Lenovo,Ideapad 320-15ISK,Notebook,15.6,1920x1080,Intel,Core i3 6006U,2.0,Nvidia,GeForce 920MX,4,True,False,Windows,2.2,579.0
Asus,VivoBook Pro,Notebook,15.6,1920x1080,Intel,Core i5 7300HQ,2.5,Nvidia,GeForce GTX 1050,8,True,False,Windows,1.99,906.62
Dell,XPS 13,Ultrabook,13.3,3200x1800,Intel,Core i5 8250U,1.6,Intel,UHD Graphics 620,8,False,True,Windows,1.23,1869.0
Dell,XPS 15,Notebook,15.6,3840x2160,Intel,Core i7 7700HQ,2.8,Nvidia,GeForce GTX 1050,16,False,True,Windows,2.06,2399.0
Lenovo,Legion Y520-15IKBN,Gaming,15.6,1920x1080,Intel,Core i7 7700HQ,2.8,Nvidia,GeForce GTX 1050M,8,True,True,Windows,2.5,1109.0
Lenovo,ThinkPad X1,Ultrabook,14.0,1920x1080,Intel,Core i7 7500U,2.7,Intel,HD Graphics 620,16,False,True,Windows,1.14,2450.0
Asus,ROG GL553VE-FY022,Gaming,15.6,1920x1080,Intel,Core i7 7700HQ,2.8,Nvidia,GeForce GTX 1050 Ti,8,True,False,No OS,2.5,1169.0
Acer,Extensa EX2540,Notebook,15.6,1366x768,Intel,Core i3 6006U,2.0,Intel,HD Graphics 520,4,True,False,Windows,2.4,450.0
Acer,Swift 3,Ultrabook,14.0,1920x1080,Intel,Core i5 7200U,2.5,Intel,Graphics 620,8,False,True,Windows,1.8,919.0
Lenovo,Thinkpad X270,Ultrabook,12.5,1920x1080,Intel,Core i7 7500U,2.7,Intel,HD Graphics 620,8,False,True,Windows,1.36,1584.0
Asus,ROG G701VI,Gaming,17.3,1920x1080,Intel,Core i7 6820HK,2.7,Nvidia,GeForce GTX 1080,32,False,True,Windows,3.8,2799.0
Acer,A715-71G-59DH (i5-7300HQ/8GB/1TB/GeForce,Gaming,15.6,1920x1080,Intel,Core i5 7300HQ,2.5,Nvidia,GeForce GTX 1050,8,True,False,Linux,2.4,709.0
Dell,XPS 13,Ultrabook,13.3,1920x1080,Intel,Core i5 8250U,1.6,Intel,UHD Graphics 620,8,False,True,Windows,1.2,1449.9
HP,250 G6,Notebook,15.6,1366x768,Intel,Core i3 6006U,2.0,Intel,HD Graphics 520,4,True,False,No OS,1.86,364.9
Dell,Inspiron 5570,Notebook,15.6,1920x1080,Intel,Core i7 8550U,1.8,AMD,Radeon 530,8,False,True,Windows,2.2,919.0
Dell,Inspiron 5570,Notebook,15.6,1920x1080,Intel,Core i7 8550U,1.8,AMD,Radeon 530,16,True,True,Windows,2.2,1135.0
Lenovo,IdeaPad Y700-15ISK,Gaming,15.6,1920x1080,Intel,Core i7 6700HQ,2.6,Nvidia,GeForce GTX 960,8,True,True,Windows,3.31,1196.0
Dell,Alienware 17,Gaming,17.3,3840x2160,Intel,Core i7 7700HQ,2.8,Nvidia,GeForce GTX 1070,32,True,True,Windows,4.42,3147.37
Dell,Latitude E7470,Notebook,14.0,1920x1080,Intel,Core i5 6300U,2.4,Intel,HD Graphics 520,8,False,True,Windows,1.56,1229.0
Lenovo,IdeaPad 320-15ISK,Notebook,15.6,1920x1080,Intel,Core i5 6200U,2.3,Intel,HD Graphics 520,4,True,False,Windows,2.2,535.0
HP,15-ay047nv (i3-6006U/6GB/1TB/Radeon,Notebook,15.6,1920x1080,Intel,Core i3 6006U,2.0,AMD,Radeon R5 M430,6,True,False,Windows,2.04,539.0
Dell,Latitude 3580,Notebook,15.6,1920x1080,Intel,Core i5 7200U,2.5,Intel,HD Graphics 620,8,True,False,Windows,2.06,955.0
HP,15-bs012nv (i7-7500U/8GB/1TB/Radeon,Notebook,15.6,1920x1080,Intel,Core i7 7500U,2.7,AMD,Radeon 530,8,True,False,Windows,2.1,745.0
Acer,Aspire 3,Notebook,15.6,1366x768,Intel,Core i3 6006U,2.0,Intel,HD Graphics 520,4,False,True,Linux,2.1,412.0
Lenovo,V310-15ISK (i5-7200U/8GB/1TB,Notebook,15.6,1920x1080,Intel,Core i5 7200U,2.5,AMD,Radeon R5 M430,8,True,True,Windows,1.9,817.95
Asus,Zenbook 3,Ultrabook,14.0,1920x1080,Intel,Core i5 7200U,2.5,Intel,HD Graphics 620,8,False,True,Windows,1.1,1135.0
Acer,Aspire VX5-591G,Gaming,15.6,1920x1080,Intel,Core i5 7300HQ,2.5,Nvidia,GeForce GTX 1050 Ti,16,False,True,Windows,2.5,1299.0
Dell,Alienware 15,Gaming,15.6,1920x1080,Intel,Core i5 7300HQ,2.5,Nvidia,GeForce GTX 1060,16,True,True,Windows,3.21,2051.0
HP,17-bs000nv I3,Notebook,17.3,1920x1080,Intel,Core i3 6006U,2.0,AMD,Radeon R5 520,4,False,True,Windows,2.5,699.0
Dell,Alienware 15,Gaming,15.6,1920x1080,Intel,Core i7 7820HK,2.9,Nvidia,GeForce GTX 1070,16,True,True,Windows,3.49,2813.75
HP,250 G6,Notebook,15.6,1366x768,Intel,Core i5 7200U,2.5,AMD,Radeon 520,4,True,False,Windows,1.86,612.61
Dell,Inspiron 3567,Notebook,15.6,1366x768,Intel,Core i3 6006U,2.0,AMD,Radeon R5 M430,4,True,False,Windows,2.2,545.67
Lenovo,IdeaPad 520s-14IKB,Notebook,14.0,1920x1080,Intel,Core i5 7200U,2.5,Intel,HD Graphics 620,4,False,True,Windows,1.7,699.0
HP,15-bs011nv (i7-7500U/4GB/500GB/Radeon,Notebook,15.6,1920x1080,Intel,Core i7 7500U,2.7,AMD,Radeon 530,4,True,False,Windows,2.1,689.0
Dell,Inspiron 5577,Gaming,15.6,1920x1080,Intel,Core i5 7300HQ,2.5,Nvidia,GeForce GTX 1050,8,True,False,Windows,2.56,819.0
Lenovo,V310-15IKB (i5-7200U/4GB/1TB/FHD/W10),Notebook,15.6,1920x1080,Intel,Core i5 7200U,2.5,Intel,HD Graphics 620,4,True,False,Windows,2.1,621.45
Lenovo,V310-15ISK (i3-6006U/4GB/500GB/No,Notebook,15.6,1366x768,Intel,Core i3 6006U,2.0,Intel,HD Graphics 520,4,True,False,No OS,1.9,450.0
Dell,Vostro 5568,Notebook,15.6,1920x1080,Intel,Core i5 7200U,2.5,Intel,HD Graphics 620,8,False,True,Windows,2.18,795.0
Lenovo,Thinkpad T460p,Notebook,14.0,1920x1080,Intel,Core i5 6300HQ,2.3,Intel,HD Graphics 520,8,False,True,Windows,1.8,1191.0
Lenovo,Legion Y520-15IKBN,Gaming,15.6,1920x1080,Intel,Core i7 7700HQ,2.8,Nvidia,GeForce GTX 1050 Ti,8,True,True,Windows,2.5,1249.0
Dell,Latitude 5480,Notebook,14.0,1920x1080,Intel,Core i5 7440HQ,2.8,Nvidia,GeForce 930MX,8,False,True,Linux,1.64,1089.0
Dell,Vostro 5568,Notebook,15.6,1920x1080,Intel,Core i5 7200U,2.5,Intel,HD Graphics 620,8,True,False,Linux,1.98,726.0
Dell,Latitude 5580,Notebook,15.6,1920x1080,Intel,Core i5 7300U,2.6,Intel,HD Graphics 620,16,False,True,Windows,1.93,1426.66
Lenovo,Thinkpad E470,Notebook,14.0,1920x1080,Intel,Core i5 7200U,2.5,Nvidia,GeForce 920MX,8,False,True,Windows,1.87,857.07
Dell,Latitude 5580,Notebook,15.6,1920x1080,Intel,Core i5 7300U,2.6,Intel,HD Graphics 620,8,False,True,Windows,1.9,1179.0
HP,ProBook 470,Notebook,17.3,1920x1080,Intel,Core i7 7500U,2.7,Nvidia,GeForce 930MX,8,False,True,Windows,2.63,1200.0
Lenovo,ThinkPad X1,Ultrabook,14.0,2560x1440,Intel,Core i7 6500U,2.5,Intel,HD Graphics 520,8,False,True,Windows,1.17,1686.64
Lenovo,ThinkPad T470s,Ultrabook,14.0,1920x1080,Intel,Core i5 7200U,2.5,Intel,HD Graphics 620,8,False,True,Windows,1.32,1499.0
Dell,Alienware 17,Gaming,17.3,3840x2160,Intel,Core i7 7700HQ,2.8,Nvidia,GeForce GTX 1070,32,True,True,Windows,4.36,3659.4
Lenovo,V310-15IKB (i5-7200U/4GB/1TB/No,Notebook,15.6,1366x768,Intel,Core i5 7200U,2.5,Intel,HD Graphics 620,4,True,False,No OS,1.9,489.9
Dell,Inspiron 5570,Notebook,15.6,1920x1080,Intel,Core i5 8250U,1.6,AMD,Radeon 530,8,True,True,Windows,2.2,719.0
Dell,Inspiron 5567,Notebook,15.6,1366x768,Intel,Core i5 7200U,2.5,AMD,Radeon R7 M445,8,True,False,Linux,2.32,589.52
Acer,Predator 17,Gaming,17.3,1920x1080,Intel,Core i7 6700HQ,2.6,Nvidia,GeForce GTX 1060,16,True,True,Windows,4.2,1935.0
Dell,Inspiron 3567,Notebook,15.6,1366x768,Intel,Core i5 7200U,2.5,Intel,HD Graphics 620,12,True,False,Windows,2.25,649.0
Acer,Extensa EX2540-58KR,Notebook,15.6,1366x768,Intel,Core i5 7200U,2.5,Intel,HD Graphics 620,4,True,False,Windows,2.4,559.0
Lenovo,ThinkPad 13,Notebook,13.3,1920x1080,Intel,Core i5 7200U,2.5,Intel,HD Graphics 620,8,False,True,Windows,1.44,960.0
Lenovo,V310-15IKB (i7-7500U/4GB/1TB/FHD/W10),Notebook,15.6,1920x1080,Intel,Core i7 7500U,2.7,Intel,HD Graphics 620,4,True,False,Windows,1.85,779.0
Acer,Aspire ES1-572,Notebook,15.6,1366x768,Intel,Core i3 6006U,2.0,Intel,HD Graphics 520,4,True,False,Windows,2.4,410.8
Dell,Inspiron 7560,Notebook,15.6,1920x1080,Intel,Core i7 7500U,2.7,Nvidia,GeForce 940MX,8,True,True,Windows,2.0,1207.0
Dell,Vostro 3568,Notebook,15.6,1366x768,Intel,Core i3 6006U,2.0,Intel,HD Graphics 520,8,False,True,Windows,2.0,665.0
HP,250 G6,Notebook,15.6,1920x1080,Intel,Core i3 6006U,2.0,Intel,HD Graphics 520,8,False,True,Windows,1.86,539.0
Dell,Latitude 5480,Notebook,14.0,1366x768,Intel,Core i5 7200U,2.5,Intel,HD Graphics 620,8,False,True,Windows,1.6,1126.71
HP,EliteBook 850,Notebook,15.6,1920x1080,Intel,Core i5 6300U,2.4,Intel,HD Graphics 520,8,False,True,Windows,1.84,1900.0
Asus,X550VX-XX015D (i5-6300HQ/4GB/1TB/GeForce,Notebook,15.6,1366x768,Intel,Core i5 6300HQ,2.3,Nvidia,GeForce GTX 950M,4,True,False,No OS,2.45,579.0
Lenovo,Thinkpad T460,Ultrabook,14.0,1920x1080,Intel,Core i5 6200U,2.3,Intel,HD Graphics 520,4,False,True,Windows,1.7,1096.0
Asus,Pro P2540UA-XO0192R,Notebook,15.6,1366x768,Intel,Core i7 7500U,2.7,Intel,HD Graphics 620,4,False,True,Windows,2.37,849.9
HP,15-cb003na (i5-7300HQ/8GB/1TB,Notebook,15.6,1920x1080,Intel,Core i5 7300HQ,2.5,Nvidia,GeForce GTX 1050,8,True,True,Windows,2.2,1099.0
Dell,Alienware 17,Gaming,15.6,3840x2160,Intel,Core i7 7700HQ,2.8,Nvidia,GeForce GTX 1070,16,True,True,Windows,4.42,2868.99
Acer,Aspire 3,Notebook,15.6,1366x768,Intel,Core i5 7200U,2.5,Intel,HD Graphics 620,4,False,True,Windows,2.1,599.0
Lenovo,Legion Y520-15IKBN,Gaming,15.6,1920x1080,Intel,Core i7 7700HQ,2.8,Nvidia,GeForce GTX 1050,8,True,True,Windows,2.5,1048.0
Dell,Latitude 7280,Ultrabook,12.5,1920x1080,Intel,Core i7 7600U,2.8,Intel,HD Graphics 620,16,False,True,Windows,1.18,1859.0
Asus,Zenbook UX330UA-AH5Q,Ultrabook,13.3,3200x1800,Intel,Core i5 7200U,2.5,Intel,HD Graphics 620,8,False,True,Windows,1.2,1129.0
Dell,Latitude 3380,Notebook,13.3,1366x768,Intel,Core i3 6006U,2.0,Intel,HD Graphics 520,4,True,False,Windows,1.65,849.0
Acer,TravelMate P238-M,Notebook,13.3,1366x768,Intel,Core i5 6200U,2.3,Intel,HD Graphics 520,4,False,True,Windows,1.6,655.0
Dell,Inspiron 7559,Gaming,15.6,3840x2160,Intel,Core i7 6700HQ,2.6,Nvidia,GeForce GTX 960M,16,True,True,Windows,2.72,1099.0
Dell,Inspiron 5567,Notebook,15.6,1920x1080,Intel,Core i7 7500U,2.7,AMD,Radeon R7 M445,16,False,True,Windows,2.3,1181.27
Dell,Inspiron 7567,Gaming,15.6,1920x1080,Intel,Core i7 7700HQ,2.8,Nvidia,GeForce GTX 1050,8,True,False,Windows,2.62,1099.0
HP,EliteBook 820,Ultrabook,12.5,1366x768,Intel,Core i5 6200U,2.3,Intel,HD Graphics 520,4,False,True,Windows,1.26,1244.0
Lenovo,Thinkpad P50,Notebook,15.6,3840x2160,Intel,Core i7 6820HQ,2.7,Nvidia,Quadro M2000M,16,False,True,Windows,2.5,2370.0
Acer,Swift 3,Notebook,14.0,1920x1080,Intel,Core i3 7100U,2.4,Intel,HD Graphics 620,4,False,True,Windows,1.8,636.0
Dell,Alienware 17,Gaming,17.3,1920x1080,Intel,Core i7 7700HQ,2.8,Nvidia,GeForce GTX 1070M,32,True,True,Windows,4.42,3588.8
Asus,Rog G752VS-BA171T,Gaming,17.3,1920x1080,Intel,Core i7 6700HQ,2.6,Nvidia,GeForce GTX 1070,16,True,True,Windows,4.3,2350.0
Lenovo,ThinkPad T470s,Ultrabook,14.0,1920x1080,Intel,Core i7 7500U,2.7,Intel,HD Graphics 620,16,False,True,Windows,1.7,2299.0
Lenovo,Legion Y520-15IKBN,Gaming,15.6,1920x1080,Intel,Core i7 7700HQ,2.8,Nvidia,GeForce GTX 1050,4,True,False,Windows,2.4,999.0
Acer,Predator G9-793,Gaming,17.3,1920x1080,Intel,Core i7 7700HQ,2.8,Nvidia,GeForce GTX 1060,16,True,True,Windows,4.2,2299.0
Dell,Inspiron 7567,Gaming,15.6,1920x1080,Intel,Core i5 7300HQ,2.5,Nvidia,GeForce GTX 1050,8,False,True,Windows,2.62,985.0
Asus,FX502VM-DM560T (i7-7700HQ/8GB/1TB,Gaming,15.6,1920x1080,Intel,Core i7 7700HQ,2.8,Nvidia,GeForce GTX1060,8,True,True,Windows,2.24,1339.0
Dell,Latitude 3580,Notebook,15.6,1366x768,Intel,Core i5 7200U,2.5,Intel,HD Graphics 620,8,False,True,Windows,1.95,810.0
Dell,Vostro 5568,Notebook,15.6,1920x1080,Intel,Core i3 6006U,2.0,AMD,Radeon R5 M420X,8,False,True,Windows,2.0,739.0
Asus,Pro P2540UA-XS51,Notebook,15.6,1920x1080,Intel,Core i5 7200U,2.5,Intel,HD Graphics 620,8,False,True,Windows,2.37,1099.0
Dell,XPS 13,Ultrabook,13.3,1920x1080,Intel,Core i5 7200U,2.5,Intel,HD Graphics 620,8,False,True,Windows,1.29,1499.0
Dell,XPS 15,Notebook,15.6,3840x2160,Intel,Core i5 7300HQ,2.5,Nvidia,GeForce GTX 1050,8,False,True,Windows,2.06,1749.0
Dell,Inspiron 7567,Gaming,15.6,3840x2160,Intel,Core i7 7700HQ,2.8,Nvidia,GeForce GTX 1050 Ti,16,False,True,Windows,2.62,1679.0
Lenovo,IdeaPad 310-15IKB,Notebook,15.6,1920x1080,Intel,Core i5 7200U,2.5,Nvidia,GeForce 920M,4,True,False,Windows,2.4,609.0
HP,Omen 17-an012dx,Gaming,17.3,1920x1080,Intel,Core i7 7700HQ,2.8,AMD,Radeon RX 580,12,True,False,Windows,3.74,1749.0
Dell,Vostro 5568,Notebook,15.6,1920x1080,Intel,Core i7 7500U,2.7,Nvidia,GeForce GT 940MX,8,True,False,Windows,1.98,961.0
Dell,Vostro 3568,Notebook,15.6,1920x1080,Intel,Core i5 7200U,2.5,AMD,Radeon R5 M420,8,False,True,Windows,2.18,789.81
Lenovo,Thinkpad T470s,Ultrabook,14.0,1920x1080,Intel,Core i7 7500U,2.7,Intel,HD Graphics 620,8,False,True,Windows,1.32,1859.0
Dell,Alienware 17,Gaming,17.3,1920x1080,Intel,Core i7 7700HQ,2.8,Nvidia,GeForce GTX 1060,16,True,True,Windows,4.36,2505.02
Dell,Latitude 3480,Notebook,14.0,1366x768,Intel,Core i5 6200U,2.3,Intel,HD Graphics 520,4,True,False,Windows,1.76,755.0
Lenovo,V110-15ISK (i3-6006U/4GB/500GB/W10),Notebook,15.6,1366x768,Intel,Core i3 6006U,2.0,Intel,HD Graphics 520,4,True,False,Windows,2.1,489.9
Lenovo,Thinkpad X1,Ultrabook,14.0,1920x1080,Intel,Core i7 7500U,2.7,Intel,HD Graphics 620,8,False,True,Windows,1.13,2499.0
Dell,Latitude 3480,Notebook,14.0,1366x768,Intel,Core i3 6006U,2.0,Intel,HD Graphics 520,4,True,False,Windows,1.76,585.0
Acer,Swift 3,Notebook,14.0,1920x1080,Intel,Core i3 7100U,2.4,Intel,HD Graphics 620,8,False,True,Windows,1.5,619.0
Lenovo,Thinkpad X1,Ultrabook,14.0,2560x1440,Intel,Core i7 6600U,2.6,Intel,HD Graphics 520,16,False,True,Windows,1.1,2099.0
Asus,VivoBook Max,Notebook,15.6,1920x1080,Intel,Core i5 7200U,2.5,Nvidia,GeForce 920,4,True,False,Linux,2.1,519.0
Lenovo,Thinkpad T460,Notebook,14.0,1920x1080,Intel,Core i5 6200U,2.3,Intel,HD Graphics 520,8,False,True,Windows,1.7,1186.0
Lenovo,ThinkPad T470s,Notebook,14.0,1920x1080,Intel,Core i5 7300U,2.6,Intel,HD Graphics 620,8,False,True,Windows,1.32,1650.0
Dell,Alienware 15,Gaming,15.6,1920x1080,Intel,Core i7 7700HQ,2.8,Nvidia,GeForce GTX 1070,16,True,True,Windows,3.21,2774.63
Asus,Rog GL702VS-BA023T,Gaming,17.3,1920x1080,Intel,Core i7 7700HQ,2.8,Nvidia,GeForce GTX 1070,16,True,True,Windows,2.9,2419.0
Asus,R558UA-DM966T (i5-7200U/8GB/128GB/FHD/W10),Notebook,15.6,1920x1080,Intel,Core i5 7200U,2.5,Intel,HD Graphics 620,8,True,False,Windows,2.3,590.0
Asus,Rog GL702VM-GC017T,Gaming,17.3,1920x1080,Intel,Core i7 6700HQ,2.6,Nvidia,GeForce GTX 1060,16,True,True,Windows,2.73,1799.0
Dell,Alienware 17,Gaming,17.3,1920x1080,Intel,Core i7 7700HQ,2.8,Nvidia,GeForce GTX 1070,32,True,True,Windows,4.42,3072.89
HP,ProBook 470,Notebook,17.3,1600x900,Intel,Core i5 7200U,2.5,Nvidia,GeForce 930MX,8,True,False,Windows,2.63,910.0
Dell,Vostro 3568,Notebook,15.6,1366x768,Intel,Core i5 7200U,2.5,Intel,HD Graphics 620,8,False,True,Windows,2.18,713.99
HP,EliteBook 840,Ultrabook,14.0,1920x1080,Intel,Core i7 6500U,2.5,Intel,HD Graphics 520,8,False,True,Windows,1.54,1870.0
Dell,Vostro 3568,Notebook,15.6,1920x1080,Intel,Core i7 7500U,2.7,AMD,Radeon R5 M420,4,False,True,Windows,2.18,739.0
Asus,ZenBook UX310UQ-GL026T,Ultrabook,13.3,1920x1080,Intel,Core i5 6200U,2.3,Nvidia,GeForce 940M,8,False,True,Windows,1.45,1026.0
HP,EliteBook 840,Ultrabook,14.0,1920x1080,Intel,Core i7 6500U,2.5,Intel,HD Graphics 520,8,False,True,Windows,1.54,1468.0
Asus,Rog GL502VM-DS74,Gaming,15.6,1920x1080,Intel,Core i7 7700HQ,2.8,Nvidia,GeForce GTX 1060,16,True,True,Windows,2.1,1899.0
Dell,Inspiron 5767,Notebook,17.3,1920x1080,Intel,Core i7 7500U,2.7,AMD,Radeon R7 M445,8,True,False,Linux,2.83,865.0
Lenovo,ThinkPad T470p,Ultrabook,14.0,1920x1080,Intel,Core i7 7700HQ,2.8,Nvidia,GeForce GT 940MX,8,False,True,Windows,1.96,1903.0
Asus,K556UR-DM621T (i7-7500U/8GB/256GB/GeForce,Notebook,15.6,1920x1080,Intel,Core i7 7500U,2.7,Nvidia,GeForce GTX 930MX,8,False,True,Windows,2.3,787.0
Dell,Latitude 5580,Notebook,15.6,1920x1080,Intel,Core i5 7200U,2.5,Intel,HD Graphics 620,8,False,True,Windows,1.9,945.0
Dell,Inspiron 5368,Notebook,13.3,1920x1080,Intel,Core i5 6200U,2.3,Intel,HD Graphics 520,8,True,False,Windows,1.62,649.0
Lenovo,IdeaPad 110-15ISK,Notebook,15.6,1920x1080,Intel,Core i3 6006U,2.0,Intel,HD Graphics 520,4,True,False,No OS,2.2,469.0
Lenovo,ThinkPad E570,Notebook,15.6,1920x1080,Intel,Core i5 7200U,2.5,Intel,HD Graphics 620,8,True,False,Windows,2.3,850.66
HP,EliteBook 850,Notebook,15.6,1920x1080,Intel,Core i5 7300U,2.6,AMD,Radeon R7 M465,8,False,True,Windows,1.84,1349.0
Lenovo,Legion Y520-15IKBN,Gaming,15.6,1920x1080,Intel,Core i5 7300HQ,2.5,Nvidia,GeForce GTX 1050,8,True,False,No OS,2.5,1017.0
Dell,XPS 13,Ultrabook,13.3,3200x1800,Intel,Core i7 7660U,2.5,Intel,Iris Plus Graphics 640,16,False,True,Windows,1.29,2240.0
HP,Probook 450,Notebook,15.6,1920x1080,Intel,Core i5 6200U,2.3,Intel,HD Graphics 520,4,True,False,Windows,2.07,910.0
Acer,TMX349-G2-M-50FS (i5-7200U/8GB/256GB/FHD/W10),Notebook,14.0,1920x1080,Intel,Core i5 7200U,2.5,Intel,HD Graphics 620,8,False,True,Windows,1.56,902.0
Lenovo,ThinkPad L570,Notebook,15.6,1366x768,Intel,Core i5 7200U,2.5,Intel,HD Graphics 620,4,True,False,Windows,2.38,1055.0
Lenovo,IdeaPad 110-15ISK,Notebook,15.6,1920x1080,Intel,Core i3 6006U,2.0,AMD,Radeon R5 M430,4,True,False,No OS,2.2,479.0
Lenovo,Thinkpad 13,Notebook,13.3,1920x1080,Intel,Core i3 7100U,2.4,Intel,HD Graphics 620,4,False,True,Windows,1.44,735.0
Dell,Latitude 7280,Ultrabook,12.5,1920x1080,Intel,Core i7 7600U,2.8,Intel,HD Graphics 620,8,False,True,Windows,1.6,1690.0
Dell,Vostro 5568,Notebook,15.6,1920x1080,Intel,Core i5 7200U,2.5,Nvidia,GeForce 940MX,4,True,True,Windows,2.18,912.5
HP,ProBook 450,Notebook,15.6,1920x1080,Intel,Core i5 7200U,2.5,Intel,HD Graphics 620,4,False,True,Windows,2.04,839.0
Lenovo,IdeaPad 510-15ISK,Notebook,15.6,1920x1080,Intel,Core i7 6500U,2.5,Nvidia,GeForce 940MX,8,True,False,Windows,2.2,669.0
Dell,Vostro 3568,Notebook,15.6,1366x768,Intel,Core i3 6006U,2.0,AMD,Radeon R5 M420X,4,True,False,Linux,2.18,455.7
Asus,Rog GL753VD-GC082T,Gaming,17.3,1920x1080,Intel,Core i5 7300HQ,2.5,Nvidia,GeForce GTX 1050,12,True,True,Windows,2.2,1369.9
HP,Probook 640,Notebook,14.0,1920x1080,Intel,Core i5 7200U,2.5,Intel,HD Graphics 620,4,False,True,Windows,1.95,1265.0
Lenovo,ThinkPad T470s,Ultrabook,14.0,1920x1080,Intel,Core i5 7200U,2.5,Intel,HD Graphics 620,8,False,True,Windows,1.32,1799.0
Dell,Inspiron 7567,Gaming,15.6,1920x1080,Intel,Core i7 7700HQ,2.8,Nvidia,GeForce GTX 1050Ti,8,True,False,Linux,2.62,929.0
HP,ProBook 450,Notebook,15.6,1920x1080,Intel,Core i7 7500U,2.7,Nvidia,GeForce 930MX,8,True,False,Windows,2.04,900.0
Dell,Vostro 3568,Notebook,15.6,1366x768,Intel,Core i3 6006U,2.0,AMD,Radeon R5 M420X,4,True,False,Windows,2.18,614.0
Dell,Latitude 5580,Notebook,15.6,1920x1080,Intel,Core i5 7300U,2.6,Intel,HD Graphics 620,8,True,False,Windows,1.9,935.0
Asus,G701VO-IH74K (i7-6820HK/32GB/2x,Gaming,17.3,1920x1080,Intel,Core i7 6820HK,2.7,Nvidia,GeForce GTX 980M,32,False,True,Windows,3.58,1279.0
Lenovo,ThinkPad T570,Notebook,15.6,1920x1080,Intel,Core i5 7200U,2.5,Intel,HD Graphics 620,8,False,True,Windows,1.95,1962.99
Lenovo,IdeaPad Y700-15ISK,Notebook,15.6,1920x1080,Intel,Core i5 6300HQ,2.3,Nvidia,GeForce GTX 960M,8,True,True,Windows,2.6,789.0
Dell,Latitude 5480,Notebook,14.0,1920x1080,Intel,Core i5 7440HQ,2.8,Intel,HD Graphics 620,8,False,True,Windows,1.6,1205.0
Lenovo,IdeaPad 510-15IKB,Notebook,15.6,1920x1080,Intel,Core i7 7500U,2.7,Nvidia,GeForce 940MX,6,False,True,Windows,2.2,789.0
HP,ProBook 450,Notebook,15.6,1920x1080,Intel,Core i7 7500U,2.7,Nvidia,GeForce 930MX,8,False,True,Windows,2.04,1018.99
Acer,Aspire E5-575,Notebook,15.6,1920x1080,Intel,Core i3 7100U,2.4,Intel,HD Graphics 620,4,True,False,Windows,2.4,499.0
Lenovo,ThinkPad 13,Notebook,13.3,1920x1080,Intel,Core i5 7200U,2.5,Intel,HD Graphics 620,4,False,True,Windows,1.44,881.0
HP,Probook 430,Notebook,13.3,1920x1080,Intel,Core i5 7200U,2.5,Intel,HD Graphics 620,8,False,True,Windows,1.49,960.0
Dell,Inspiron 7567,Gaming,15.6,1920x1080,Intel,Core i7 7700HQ,2.8,Nvidia,GeForce GTX 1050 Ti,16,True,True,Windows,2.6,1349.0
Dell,Vostro 3568,Notebook,15.6,1366x768,Intel,Core i5 7200U,2.5,AMD,Radeon R5 M420,4,True,False,Windows,2.18,684.99
HP,EliteBook 850,Ultrabook,15.6,1920x1080,Intel,Core i7 6500U,2.5,AMD,Radeon R7 M365X,8,False,True,Windows,1.84,1296.99
HP,Envy 13-AB077cl,Ultrabook,13.3,3200x1800,Intel,Core i7 7500U,2.7,Intel,HD Graphics 620,8,False,True,Windows,1.39,1149.0
Dell,Latitude 3580,Notebook,15.6,1366x768,Intel,Core i5 6200U,2.3,Intel,HD Graphics 520,4,True,False,Windows,1.95,729.9
Lenovo,Thinkpad X270,Ultrabook,12.5,1920x1080,Intel,Core i7 7500U,2.7,Intel,HD Graphics 620,8,False,True,Windows,1.36,1650.0
HP,Probook 650,Notebook,15.6,1920x1080,Intel,Core i5 6200U,2.3,Intel,HD Graphics 520,8,False,True,Windows,2.31,1165.0
Dell,Vostro 3568,Notebook,15.6,1366x768,Intel,Core i5 7200U,2.5,Intel,HD Graphics 620,4,True,False,Windows,2.18,708.06
HP,ProBook 640,Notebook,14.0,1366x768,Intel,Core i5 6200U,2.3,Intel,HD Graphics 520,4,True,False,Windows,1.95,1149.0
HP,EliteBook 820,Ultrabook,12.5,1920x1080,Intel,Core i5 6200U,2.3,Intel,HD Graphics 520,4,True,False,Windows,1.26,1579.0
Dell,Vostro 3568,Notebook,15.6,1366x768,Intel,Core i3 6006U,2.0,Intel,HD Graphics 520,4,True,False,Windows,2.18,558.6
Dell,Latitude 7480,Ultrabook,14.0,1920x1080,Intel,Core i5 7200U,2.5,Intel,HD Graphics 620,8,False,True,Windows,1.36,1639.0
Dell,Alienware 17,Gaming,17.3,2560x1440,Intel,Core i7 6820HK,2.7,Nvidia,GeForce GTX 1080,16,True,True,Windows,4.36,2758.0
HP,Omen 17-W006na,Gaming,17.3,1920x1080,Intel,Core i5 6300HQ,2.3,Nvidia,GeForce GTX 965M,8,True,True,Windows,2.75,1399.0
Acer,TravelMate P259-G2,Notebook,15.6,1366x768,Intel,Core i5 7200U,2.5,Intel,HD Graphics 620,4,True,False,Windows,2.23,619.0
Dell,Latitude 7280,Ultrabook,12.5,1920x1080,Intel,Core i5 7200U,2.5,Intel,HD Graphics,8,False,True,Windows,1.36,1472.2
Lenovo,IdeaPad 310-15IKB,Notebook,15.6,1920x1080,Intel,Core i7 7500U,2.7,Nvidia,GeForce 920MX,8,True,False,No OS,2.2,685.0
Dell,Insprion 5767,Notebook,17.3,1600x900,Intel,Core i3 6006U,2.0,AMD,Radeon R7 M445,4,True,False,Windows,2.36,659.0
Dell,Latitude 7480,Ultrabook,14.0,1920x1080,Intel,Core i7 7600U,2.8,Intel,HD Graphics 620,8,False,True,Windows,1.36,1775.0
Lenovo,Thinkpad T460,Ultrabook,14.0,1920x1080,Intel,Core i7 6600U,2.6,Intel,HD Graphics 520,8,False,True,Windows,1.7,1488.99
Dell,Alienware 17,Gaming,17.3,3840x2160,Intel,Core i7 7700HQ,2.8,Nvidia,GeForce GTX 1070,16,True,True,Windows,4.36,3154.0
Dell,XPS 13,Ultrabook,13.3,3200x1800,Intel,Core i7 6500U,2.5,Intel,HD Graphics 520,8,False,True,Windows,1.3,1268.0
Lenovo,ThinkPad X270,Ultrabook,12.5,1920x1080,Intel,Core i5 7300U,2.6,Intel,HD Graphics 620,8,False,True,Windows,1.36,1760.0
Acer,Aspire F5-573G-510L,Notebook,15.6,1920x1080,Intel,Core i5 7200U,2.5,Nvidia,GeForce GTX 950M,12,True,True,Windows,2.4,1009.0
HP,ProBook 450,Notebook,15.6,1366x768,Intel,Core i5 7200U,2.5,Nvidia,GeForce 930MX,8,True,False,Windows,2.04,846.5
Dell,Inspiron 3567,Notebook,15.6,1366x768,Intel,Core i3 6006U,2.0,AMD,Radeon R5 M430,4,True,False,Linux,2.25,465.62
Dell,Latitude 5580,Notebook,15.6,1366x768,Intel,Core i5 7200U,2.5,Intel,HD Graphics 620,4,True,False,Windows,1.9,825.0
HP,ProBook 450,Notebook,15.6,1920x1080,Intel,Core i3 7100U,2.4,Intel,HD Graphics 620,4,True,False,Windows,2.04,685.0
Dell,Alienware 17,Gaming,17.3,1920x1080,Intel,Core i7 7700HQ,2.8,Nvidia,GeForce GTX 1070,32,True,True,Windows,4.42,3149.0
Lenovo,IdeaPad 310-15IKB,Notebook,15.6,1920x1080,Intel,Core i5 7200U,2.5,Nvidia,GeForce 920MX,6,False,True,Windows,2.4,695.0
Dell,Latitude E7470,Ultrabook,14.0,2560x1440,Intel,Core i7 6600U,2.6,Intel,HD Graphics 520,8,False,True,Windows,1.5,1962.98
Dell,Alienware 17,Gaming,17.3,1920x1080,Intel,Core i7 6700HQ,2.6,Nvidia,GeForce GTX 1070,32,True,True,Windows,4.42,2800.0
Asus,Rog Strix,Gaming,17.3,1920x1080,Intel,Core i7 7700HQ,2.8,Nvidia,GeForce GTX 1060,16,True,True,Windows,2.73,2049.9
HP,Probook 450,Notebook,15.6,1920x1080,Intel,Core i5 7200U,2.7,Nvidia,GeForce 930MX,8,True,True,Windows,2.04,979.0
Lenovo,ThinkPad T460,Notebook,14.0,1366x768,Intel,Core i5 6200U,2.3,Intel,HD Graphics 520,4,True,True,Windows,1.7,1002.0
HP,15-bs053od (i7-7500U/6GB/1TB/W10),Notebook,15.6,1366x768,Intel,Core i7 7500U,2.7,Intel,HD Graphics 620,6,True,False,Windows,2.04,579.0
Asus,Rog GL753VE-DS74,Gaming,17.3,1920x1080,Intel,Core i7 7700HQ,2.8,Nvidia,GeForce GTX 1050 Ti,16,True,True,Windows,2.99,1749.0
Dell,Inspiron 3567,Notebook,15.6,1366x768,Intel,Core i5 7200U,2.5,AMD,Radeon R5 M430,4,True,False,Windows,2.25,599.0
HP,Probook 450,Notebook,15.6,1920x1080,Intel,Core i5 7200U,2.5,Intel,HD Graphics 620,8,True,False,Windows,2.04,806.0
Lenovo,Legion Y520-15IKBN,Gaming,15.6,1920x1080,Intel,Core i7 7700HQ,2.8,Nvidia,GeForce GTX 1060,8,True,True,Windows,2.5,1189.0
Dell,Inspiron 5567,Notebook,15.6,1366x768,Intel,Core i7 7500U,2.7,AMD,Radeon R7 M445,8,True,False,Windows,2.36,749.0
Dell,Latitude 5480,Notebook,14.0,1920x1080,Intel,Core i5 7200U,2.5,Intel,HD Graphics 620,8,False,True,Windows,1.6,1119.0
HP,15-bs005nv (i3-6006U/4GB/1TB,Notebook,15.6,1920x1080,Intel,Core i3 6006U,2.0,AMD,Radeon 520,4,True,True,Windows,2.1,499.0
Lenovo,ThinkPad T560,Notebook,15.6,1920x1080,Intel,Core i5 6200U,2.3,Intel,HD Graphics 520,8,False,True,Windows,2.3,1349.0
Asus,ZenBook UX310UA-FB485T,Notebook,13.3,3200x1800,Intel,Core i5 7200U,2.5,Intel,HD Graphics 620,8,False,True,Windows,1.4,1150.0
HP,Spectre 13-V111dx,Ultrabook,13.3,1920x1080,Intel,Core i7 7500U,2.7,Intel,HD Graphics 620,8,False,True,Windows,1.11,1349.0
Asus,Rog GL553VE-DS74,Gaming,15.6,1920x1080,Intel,Core i7 7700HQ,2.8,Nvidia,GeForce GTX 1050 Ti,16,True,True,Windows,2.5,1799.0
HP,EliteBook 840,Ultrabook,14.0,1920x1080,Intel,Core i7 7500U,2.7,Intel,HD Graphics 620,8,False,True,Windows,1.48,2089.0
Acer,Nitro 5,Gaming,15.6,1920x1080,Intel,Core i7 7700HQ,2.8,Nvidia,GeForce GTX 1050,8,True,True,Windows,2.7,1260.0
HP,ENVY -,Notebook,13.3,1920x1080,Intel,Core i5 7200U,2.5,Intel,HD Graphics 620,8,False,True,Windows,1.34,1189.0
Dell,Vostro 3568,Notebook,15.6,1366x768,Intel,Core i3 7100U,2.4,Intel,HD Graphics 620,4,False,True,Windows,2.18,547.0
HP,Probook 440,Notebook,14.0,1366x768,Intel,Core i5 7200U,2.5,Intel,HD Graphics 620,4,True,False,Windows,1.64,779.0
HP,EliteBook 840,Notebook,14.0,1366x768,Intel,Core i5 6300U,2.4,Intel,HD Graphics 520,4,False,True,Windows,1.48,1099.99
HP,ProBook 640,Notebook,14.0,1920x1080,Intel,Core i5 7200U,2.5,Intel,HD Graphics 620,4,False,True,Windows,1.95,1205.0
HP,EliteBook 1040,Ultrabook,14.0,1920x1080,Intel,Core i7 6600U,2.6,Intel,HD Graphics 520,8,False,True,Windows,1.43,1449.0
HP,ProBook 440,Notebook,14.0,1920x1080,Intel,Core i5 7200U,2.5,Nvidia,GeForce 930MX,8,False,True,Windows,1.64,1049.26
HP,Probook 440,Notebook,14.0,1366x768,Intel,Core i3 7100U,2.4,Intel,HD Graphics 620,4,True,False,Windows,1.64,684.0
Dell,Inspiron 7567,Gaming,15.6,1920x1080,Intel,Core i5 7300HQ,2.5,Nvidia,GeForce GTX 1050,8,True,True,Windows,2.65,949.0
HP,EliteBook 820,Ultrabook,12.5,1920x1080,Intel,Core i5 7200U,2.5,Intel,HD Graphics 620,4,True,False,Windows,1.26,1539.0
HP,Elitebook 840,Notebook,14.0,1920x1080,Intel,Core i5 7200U,2.5,Intel,HD Graphics 620,4,False,True,Windows,1.48,1590.0
HP,EliteBook 840,Ultrabook,14.0,1920x1080,Intel,Core i7 6500U,2.5,Intel,HD Graphics 520,8,False,True,Windows,1.54,1887.21
HP,Probook 430,Notebook,13.3,1366x768,Intel,Core i3 7100U,2.4,Intel,HD Graphics 620,4,True,False,Windows,1.49,800.0
HP,ProBook 450,Notebook,15.6,1366x768,Intel,Core i3 7100U,2.4,Intel,HD Graphics 620,4,False,True,Windows,2.04,769.99
Lenovo,ThinkPad P70,Notebook,17.3,3840x2160,Intel,Core i7 6820HQ,2.7,Nvidia,Quadro 3000M,16,False,True,Windows,2.4,2968.0
HP,EliteBook 1040,Notebook,14.0,1920x1080,Intel,Core i7 6500U,2.5,Intel,HD Graphics 520,8,False,True,Windows,1.43,2229.0
HP,Spectre 13-V100nv,Notebook,13.3,1920x1080,Intel,Core i5 7200U,2.5,Intel,HD Graphics 620,8,False,True,Windows,1.11,1149.0
HP,ProBook 440,Notebook,14.0,1920x1080,Intel,Core i7 7500U,2.7,Nvidia,GeForce 930MX,8,False,True,Windows,1.64,1185.43
Dell,Latitude E5570,Notebook,15.6,1920x1080,Intel,Core i5 6300U,2.4,Intel,HD Graphics 520,8,True,False,Windows,2.09,1046.44
HP,Elitebook 820,Ultrabook,12.5,1366x768,Intel,Core i5 7200U,2.5,Intel,HD Graphics 620,4,False,True,Windows,1.26,1559.0
HP,ProBook 650,Notebook,14.0,1366x768,Intel,Core i5 7200U,2.5,Intel,HD Graphics 620,4,True,False,Windows,2.31,1189.0
HP,ProBook 640,Notebook,14.0,1366x768,Intel,Core i5 7200U,2.5,Intel,HD Graphics 620,4,True,False,Windows,1.95,1060.0
Dell,XPS 13,Ultrabook,13.3,3200x1800,Intel,Core i5 7200U,2.5,Intel,HD Graphics 620,8,False,True,Windows,1.29,1624.0
HP,Probook 470,Notebook,17.3,1920x1080,Intel,Core i5 7200U,2.5,Nvidia,GeForce 930MX,8,False,True,Windows,2.63,1080.0
HP,ProBook 440,Notebook,14.0,1366x768,Intel,Core i5 7200U,2.5,Intel,HD Graphics 620,4,False,True,Windows,1.64,973.0
HP,Probook 640,Notebook,14.0,1920x1080,Intel,Core i5 6200U,2.3,Intel,HD Graphics 520,8,False,True,Windows,1.95,1195.0
HP,EliteBook 850,Notebook,15.6,1920x1080,Intel,Core i7 6500U,2.5,Intel,HD Graphics 520,8,False,True,Windows,1.84,1228.99
HP,EliteBook 820,Ultrabook,12.5,1920x1080,Intel,Core i7 6500U,2.5,Intel,HD Graphics 520,8,False,True,Windows,1.26,1349.0
HP,ProBook 450,Notebook,15.6,1366x768,Intel,Core i5 7200U,2.5,Intel,HD Graphics 620,4,True,False,Windows,2.04,742.0
Dell,Latitude E5570,Notebook,15.6,1920x1080,Intel,Core i5 6300U,2.4,Intel,HD Graphics 520,8,False,True,Windows,2.09,1062.95
HP,ProBook 440,Notebook,14.0,1920x1080,Intel,Core i5 7200U,2.5,Intel,HD Graphics 620,8,False,True,Windows,1.64,1010.51
Lenovo,Thinkpad L560,Notebook,15.6,1920x1080,Intel,Core i5 6200U,2.3,Intel,HD Graphics 520,8,False,True,Windows,2.3,1049.6
HP,EliteBook 840,Notebook,14.0,1920x1080,Intel,Core i5 6200U,2.3,Intel,HD Graphics 520,4,True,False,Windows,1.54,1000.0
HP,EliteBook 850,Notebook,15.6,1920x1080,Intel,Core i5 6300U,2.4,Intel,HD Graphics 520,8,True,True,Windows,1.84,2103.34
HP,EliteBook 1040,Notebook,14.0,1920x1080,Intel,Core i5 6200U,2.3,Intel,HD Graphics 520,8,False,True,Windows,1.43,1469.0
Lenovo,IdeaPad Y900-17ISK,Gaming,17.3,1920x1080,Intel,Core i7 6700HQ,2.6,Nvidia,GeForce GTX 980M,16,True,True,Windows,4.6,2289.99
Lenovo,ThinkPad X1,Notebook,14.0,2560x1440,Intel,Core i7 6600U,2.6,Intel,HD Graphics 520,16,False,True,Windows,1.1,2620.0
HP,Noteb Pav,Notebook,15.6,1920x1080,Intel,Core i7 7500U,2.7,Nvidia,GeForce 940MX,8,True,False,Windows,1.91,979.0
HP,ProBook 450,Notebook,15.6,1366x768,Intel,Core i5 7200U,2.5,Intel,HD Graphics 620,4,False,True,Windows,2.04,979.0
Dell,XPS 13,Ultrabook,13.3,3200x1800,Intel,Core i7 7500U,2.7,Intel,HD Graphics 620,16,False,True,Windows,1.2,2254.0
HP,ProBook 650,Notebook,15.6,1366x768,Intel,Core i3 6100U,2.3,Intel,HD Graphics 520,4,True,False,Windows,2.31,705.15
HP,250 G5,Notebook,15.6,1366x768,Intel,Core i5 7200U,2.5,Intel,HD Graphics 620,4,True,False,No OS,1.96,499.0
HP,ProBook 450,Notebook,15.6,1920x1080,Intel,Core i7 7500U,2.7,Intel,HD Graphics 620,8,False,True,Windows,2.04,1070.0
Asus,Rog G752VL-GC088D,Gaming,17.3,1920x1080,Intel,Core i7 6700HQ,2.6,Nvidia,GeForce GTX 965M,16,True,False,No OS,4.0,998.0
Dell,Inspiron 3567,Notebook,15.6,1920x1080,Intel,Core i5 7200U,2.5,Intel,HD Graphics,4,True,False,Windows,2.25,559.0
Dell,Inspiron 5567,Notebook,15.6,1920x1080,Intel,Core i7 7500U,2.7,AMD,Radeon R7 M445,16,True,False,Windows,2.32,989.99
Dell,XPS 13,Ultrabook,13.3,1920x1080,Intel,Core i7 7500U,2.7,Intel,HD Graphics 620,8,False,True,Windows,1.29,1458.0
Asus,ROG G701VO,Gaming,17.3,1920x1080,Intel,Core i7 6820HK,2.7,Nvidia,GeForce GTX 980,64,False,True,Windows,3.58,3975.0
Dell,Alienware 15,Gaming,15.6,3840x2160,Intel,Core i7 6700HQ,2.6,Nvidia,GeForce GTX 970M,16,True,True,Windows,3.21,1329.0
Dell,Latitude 3570,Notebook,15.6,1366x768,Intel,Core i3 6100U,2.3,Intel,HD Graphics 520,4,True,False,Windows,2.06,481.98
HP,ProBook 650,Notebook,15.6,1366x768,Intel,Core i5 6200U,2.3,Intel,HD Graphics 520,4,True,False,Windows,2.31,1199.0
HP,EliteBook 820,Ultrabook,12.5,1920x1080,Intel,Core i5 6200U,2.3,Intel,HD Graphics 520,8,False,True,Windows,1.26,1199.0
HP,ProBook 430,Notebook,13.3,1920x1080,Intel,Core i7 7500U,2.7,Intel,HD Graphics 620,8,False,True,Windows,1.49,1090.0
Lenovo,ThinkPad Yoga,Ultrabook,12.5,1920x1080,Intel,Core i7 6500U,2.5,Intel,HD Graphics 520,8,False,True,Windows,1.3,1713.49
Lenovo,IdeaPad 300-17ISK,Notebook,17.3,1600x900,Intel,Core i5 6200U,2.3,AMD,Radeon R5 M330,8,True,False,Windows,3.0,659.0
Lenovo,Ideapad 700-15ISK,Notebook,15.6,1920x1080,Intel,Core i5 6300HQ,2.3,Nvidia,GeForce GTX 950M,4,True,False,Windows,2.3,977.0
Lenovo,V110-15ISK (i5-6200U/4GB/500GB/W10),Notebook,15.6,1366x768,Intel,Core i5 6200U,2.3,Intel,HD Graphics 520,4,True,False,Windows,2.1,540.0
HP,Probook 650,Notebook,15.6,1920x1080,Intel,Core i5 6200U,2.3,Intel,HD Graphics 520,4,True,False,Windows,2.31,940.0
Lenovo,IdeaPad Y900-17ISK,Gaming,17.3,1920x1080,Intel,Core i7 6820HK,2.7,Nvidia,GeForce GTX 980M,32,True,True,Windows,4.6,3240.0
HP,Spectre x360,Ultrabook,13.3,3840x2160,Intel,Core i7 7500U,2.7,Intel,HD Graphics 620,16,False,True,Windows,1.3,2049.0
Dell,Vostro 3568,Notebook,15.6,1920x1080,Intel,Core i5 7200U,2.5,Intel,HD Graphics 620,8,False,True,Windows,2.18,750.0
HP,EliteBook 840,Notebook,14.0,1920x1080,Intel,Core i5 6200U,2.3,Intel,HD Graphics 520,4,True,False,Windows,1.54,1030.99
Lenovo,ThinkPad T460,Notebook,14.0,1920x1080,Intel,Core i5 6200U,2.3,Intel,HD Graphics 520,8,False,True,Windows,1.7,1199.0
HP,250 G6,Notebook,15.6,1366x768,Intel,Core i3 6006U,2.0,Intel,HD Graphics 520,4,True,False,No OS,1.86,345.99
Asus,Rog GL702VM-GC354T,Gaming,17.3,1920x1080,Intel,Core i7 7700HQ,2.8,Nvidia,GeForce GTX 1060,8,True,True,Windows,2.7,1599.0
Dell,Inspiron 5370,Ultrabook,13.3,1920x1080,Intel,Core i5 8250U,1.6,AMD,Radeon 530,4,False,True,Windows,1.4,818.35
Acer,Aspire F5-573G,Notebook,15.6,1920x1080,Intel,Core i5 7200U,2.5,Nvidia,GeForce GTX 950M,8,True,True,Windows,2.4,799.0
Dell,Inspiron 5567,Notebook,15.6,1920x1080,Intel,Core i5 7200U,2.5,AMD,Radeon R7 M445,8,True,False,Windows,2.36,638.8
Asus,G752VY-GC162T (i7-6700HQ/16GB/1TB,Gaming,17.3,1920x1080,Intel,Core i7 6700HQ,2.6,Nvidia,GeForce GTX 980M,16,True,True,Windows,4.3,2299.0
Dell,Latitude E5270,Ultrabook,12.5,1366x768,Intel,Core i3 6100U,2.3,Intel,HD Graphics 520,4,True,False,Windows,1.5,1135.15
Dell,Latitude E5270,Ultrabook,12.5,1366x768,Intel,Core i3 6100U,2.3,Intel,HD Graphics 520,4,False,True,Windows,1.5,1166.97
Lenovo,Legion Y520-15IKBN,Gaming,15.6,1920x1080,Intel,Core i7 7700HQ,2.8,Nvidia,GeForce GTX 1050 Ti,16,False,True,Windows,2.4,1199.0
Dell,Latitude E5270,Ultrabook,12.5,1366x768,Intel,Core i5 6200U,2.3,Intel,HD Graphics 520,8,False,True,Windows,1.5,1413.1
Asus,Rog GL552VW-CN470T,Gaming,15.6,1920x1080,Intel,Core i7 6700HQ,2.6,Nvidia,GeForce GTX 960M,16,True,True,Windows,2.59,1339.0
Dell,Vostro 3559,Notebook,15.6,1366x768,Intel,Core i5 6200U,2.3,AMD,Radeon R5 M315,4,True,False,Windows,2.24,769.15
Lenovo,V110-15ISK (i3-6006U/4GB/128GB/W10),Notebook,15.6,1366x768,Intel,Core i3 6006U,2.0,Intel,HD Graphics 520,4,False,True,Windows,2.1,429.0
HP,Spectre Pro,Ultrabook,13.3,1920x1080,Intel,Core i7 6500U,2.5,Intel,HD Graphics 520,8,False,True,Windows,1.16,1969.0
Dell,XPS 13,Ultrabook,13.3,1920x1080,Intel,Core i7 7560U,2.4,Intel,Iris Plus Graphics 640,8,False,True,Windows,1.23,1379.0
Lenovo,IdeaPad Y900-17ISK,Gaming,17.3,1920x1080,Intel,Core i7 6820HK,2.7,Nvidia,GeForce GTX 980M,16,True,True,Windows,4.6,2749.99
Asus,Rog GL752VW-T4308T,Gaming,17.3,1920x1080,Intel,Core i7 6700HQ,2.6,Nvidia,GeForce GTX 960M,8,True,True,Windows,3.52,1312.49
HP,Spectre Pro,Notebook,13.3,1920x1080,Intel,Core i5 6200U,2.3,Intel,HD Graphics 520,8,False,True,Windows,1.16,1690.0
HP,EliteBook 1040,Notebook,14.0,1920x1080,Intel,Core i5 6200U,2.3,Intel,HD Graphics 520,8,False,True,Windows,1.43,1513.0
Dell,Latitude E5570,Notebook,15.6,1366x768,Intel,Core i5 6200U,2.3,Intel,HD Graphics 520,4,True,False,Linux,2.09,523.63
Asus,VivoBook Max,Notebook,15.6,1366x768,Intel,Core i3 7100U,2.4,Intel,HD Graphics 620,4,True,False,Windows,2.0,435.0
HP,EliteBook 820,Ultrabook,12.5,1366x768,Intel,Core i5 6300U,2.4,Intel,HD Graphics 520,8,False,True,Windows,1.26,1895.0
Lenovo,Legion Y520-15IKBN,Gaming,15.6,1920x1080,Intel,Core i5 7300HQ,2.5,Nvidia,GeForce GTX 1060,8,True,True,No OS,2.4,989.0
HP,Omen -,Gaming,17.3,1920x1080,Intel,Core i5 6300HQ,2.3,Nvidia,GeForce GTX 1060,8,True,True,Windows,3.35,1129.0
HP,15-bs078cl (i7-7500U/8GB/2TB/W10),Notebook,15.6,1366x768,Intel,Core i7 7500U,2.7,Intel,HD Graphics 620,8,True,False,Windows,2.04,629.0
HP,250 G6,Ultrabook,15.6,1920x1080,Intel,Core i7 7500U,2.7,Intel,HD Graphics 620,8,False,True,Windows,1.84,752.0
Acer,Aspire E5-576G,Notebook,15.6,1920x1080,Intel,Core i5 7200U,2.5,Nvidia,GeForce 940MX,4,True,False,Windows,2.23,616.0
Lenovo,IdeaPad 500-15ISK,Notebook,15.6,1920x1080,Intel,Core i7 6500U,2.5,AMD,Radeon R7 M360,16,True,True,Windows,2.5,1099.0
Dell,Inspiron 5567,Notebook,15.6,1366x768,Intel,Core i5 7200U,2.5,AMD,Radeon R7 M445,8,True,False,Windows,2.5,784.0
HP,EliteBook 850,Ultrabook,15.6,1920x1080,Intel,Core i7 6500U,2.5,Intel,HD Graphics 520,8,False,True,Windows,1.88,2171.72
HP,EliteBook 820,Ultrabook,12.5,1920x1080,Intel,Core i7 6500U,2.5,Intel,HD Graphics 520,8,False,True,Windows,1.26,2296.95
Dell,Vostro 5568,Notebook,15.6,1920x1080,Intel,Core i7 7500U,2.7,Nvidia,GeForce 940MX,8,False,True,Windows,2.18,1009.9
HP,EliteBook 850,Notebook,15.6,1920x1080,Intel,Core i5 6200U,2.3,Intel,HD Graphics 520,8,False,True,Windows,1.88,1579.0
Lenovo,V110-15ISK (i3-6006U/4GB/1TB/No,Notebook,15.6,1366x768,Intel,Core i3 6006U,2.0,Intel,HD Graphics 520,4,True,False,No OS,1.9,339.0
Lenovo,B51-80 (i5-6200U/8GB/1TB/Radeon,Notebook,15.6,1920x1080,Intel,Core i5 6200U,2.3,AMD,Radeon R5 M330,8,True,False,No OS,2.32,599.0
Dell,Inspiron 7567,Gaming,15.6,1920x1080,Intel,Core i7 7700HQ,2.8,Nvidia,GeForce GTX 1050Ti,8,True,False,Windows,2.62,1199.0
Dell,XPS 15,Notebook,15.6,3840x2160,Intel,Core i5 6300HQ,2.3,Nvidia,GeForce 960M,8,False,True,Windows,2.04,2250.68
Lenovo,ThinkPad T460s,Ultrabook,14.0,1920x1080,Intel,Core i7 6600U,2.6,Intel,HD Graphics 520,12,False,True,Windows,1.4,2299.0
Lenovo,B51-80 (i5-6200U/8GB/1008GB/Radeon,Notebook,15.6,1920x1080,Intel,Core i5 6200U,2.3,AMD,Radeon R5 M330,8,True,True,Windows,2.5,788.49
Lenovo,ThinkPad T460,Ultrabook,14.0,1920x1080,Intel,Core i7 6600U,2.6,Intel,HD Graphics 520,8,False,True,Windows,1.7,1499.0
HP,Pavilion 15-cb003nv,Gaming,15.6,1920x1080,Intel,Core i7 7700HQ,2.8,Nvidia,GeForce GTX 1050,8,True,False,Windows,2.62,899.0
Lenovo,IdeaPad 310-15ISK,Notebook,15.6,1366x768,Intel,Core i3 6006U,2.0,Intel,HD Graphics 520,8,True,False,Windows,2.2,459.0
HP,250 G4,Notebook,15.6,1366x768,Intel,Core i5 6200U,2.3,Intel,HD Graphics 520,4,True,False,No OS,2.1,476.99
Dell,Inspiron 7567,Gaming,15.6,3840x2160,Intel,Core i7 7700HQ,2.8,Nvidia,GeForce GTX 1050 Ti,8,True,True,Windows,2.62,1498.0
Lenovo,ThinkPad T570,Notebook,15.6,1920x1080,Intel,Core i5 7200U,2.5,Intel,HD Graphics 620,8,False,True,Windows,1.95,1390.0
Lenovo,320-15ISK (i3-6006U/4GB/1TB/GeForce,Notebook,15.6,1920x1080,Intel,Core i3 6006U,2.0,Nvidia,GeForce 920MX,4,True,False,Windows,2.2,468.0
HP,250 G5,Notebook,15.6,1920x1080,Intel,Core i7 6500U,2.5,Intel,HD Graphics 520,8,False,True,Windows,1.96,679.0
HP,ProBook 450,Notebook,15.6,1920x1080,Intel,Core i7 8550U,1.8,Intel,UHD Graphics 620,16,False,True,Windows,2.1,1159.0
Lenovo,V110-15ISK (i5-6200U/4GB/500GB/No,Notebook,15.6,1366x768,Intel,Core i5 6200U,2.3,Intel,HD Graphics 520,4,True,False,No OS,2.1,398.0
Lenovo,IdeaPad 510-15IKB,Notebook,15.6,1920x1080,Intel,Core i7 7500U,2.7,Nvidia,GeForce 940MX,8,True,False,No OS,2.2,709.0
Asus,UX410UA-GV097T (i3-7100U/4GB/256GB/FHD/W10),Notebook,14.0,1920x1080,Intel,Core i3 7100U,2.4,Intel,HD Graphics 620,4,False,True,Windows,2.0,769.0
Lenovo,B51-80 (i7-6500U/4GB/1008GB/FHD/W7),Notebook,15.6,1920x1080,Intel,Core i7 6500U,2.5,Intel,HD Graphics 520,4,True,True,Windows,2.32,825.0
Lenovo,IdeaPad Y700-15ISK,Gaming,15.6,1920x1080,Intel,Core i7 6700HQ,2.6,Nvidia,GeForce GTX 960,16,False,True,Windows,3.31,1305.0
HP,ProBook 450,Notebook,15.6,1366x768,Intel,Core i3 6100U,2.3,Intel,HD Graphics 520,4,True,False,Windows,2.07,650.0
Lenovo,IdeaPad 310-15IKB,Ultrabook,15.6,1920x1080,Intel,Core i7 7500U,2.7,Nvidia,GeForce 920M,6,False,True,Windows,1.54,831.0
Dell,Vostro 5568,Notebook,15.6,1920x1080,Intel,Core i7 7500U,2.7,Nvidia,GeForce GT 940MX,8,False,True,Linux,1.98,895.01
HP,Pavilion 15-BC000nv,Notebook,15.6,1920x1080,Intel,Core i7 6700HQ,2.6,Nvidia,GeForce GTX 960M,6,True,False,Windows,2.18,799.0
Asus,Rog GL552VW-DM201T,Gaming,15.6,1920x1080,Intel,Core i7 6700HQ,2.6,Nvidia,GeForce GTX 960M,8,True,True,Windows,2.591,909.0
Acer,Aspire E5-576G,Notebook,15.6,1920x1080,Intel,Core i5 7200U,2.5,Nvidia,GeForce 940MX,4,False,True,Windows,2.23,691.0
Dell,XPS 13,Ultrabook,13.3,3200x1800,Intel,Core i5 6300U,2.4,Intel,HD Graphics 520,8,False,True,Linux,1.23,1099.0
Acer,Predator G9-793,Gaming,17.3,1920x1080,Intel,Core i7 7700HQ,2.8,Nvidia,GeForce GTX 1070,16,True,True,Windows,4.2,2599.0
Lenovo,Legion Y520-15IKBN,Gaming,15.6,1920x1080,Intel,Core i5 7300HQ,2.5,Nvidia,GeForce GTX 1050,8,True,False,Windows,2.4,819.0
HP,250 G6,Notebook,15.6,1366x768,Intel,Core i5 7200U,2.5,Intel,HD Graphics 620,4,True,False,Windows,1.86,485.0
HP,Pavilion Power,Notebook,15.6,1920x1080,Intel,Core i7 7700HQ,2.8,Nvidia,GeForce GTX 1050,12,True,True,Windows,2.21,1327.0
Lenovo,V110-15ISK (i3-6006U/4GB/1TB/Radeon,Notebook,15.6,1366x768,Intel,Core i3 6006U,2.0,AMD,Radeon R5 M430,4,True,False,No OS,1.9,368.0
Asus,Rog G752VY-GC229T,Gaming,17.3,1920x1080,Intel,Core i7 6700HQ,2.6,Nvidia,GeForce GTX 980M,16,True,True,Windows,4.3,2150.0
Dell,Inspiron 5567,Notebook,15.6,1366x768,Intel,Core i3 6006U,2.0,AMD,Radeon R7 M440,4,False,True,Windows,2.3,499.0
Lenovo,IdeaPad 310-15ISK,Notebook,15.6,1366x768,Intel,Core i7 6500U,2.5,Nvidia,GeForce 920MX,8,True,False,No OS,2.2,629.0
Dell,XPS 13,Ultrabook,13.3,3200x1800,Intel,Core i7 7500U,2.7,Intel,HD Graphics 620,16,False,True,Windows,1.2,2680.0
Asus,FX502VM-DM105T (i7-6700HQ/8GB/1TB/GeForce,Gaming,15.6,1920x1080,Intel,Core i7 6700HQ,2.6,Nvidia,GeForce GTX 1060,8,True,False,Windows,2.2,1169.0
Dell,Inspiron 5567,Notebook,15.6,1920x1080,Intel,Core i5 7200U,2.5,AMD,Radeon R7 M445,8,False,True,Windows,2.36,889.0
HP,15-bs025nv (i5-7200U/8GB/256GB/W10),Notebook,15.6,1366x768,Intel,Core i5 7200U,2.5,Intel,HD Graphics 620,8,False,True,Windows,1.91,579.0
Acer,Aspire E5-774G,Notebook,17.3,1600x900,Intel,Core i3 6006U,2.0,Nvidia,GeForce 940MX,8,True,False,Windows,3.3,629.0
Asus,Rog Strix,Gaming,15.6,1920x1080,Intel,Core i7 7700HQ,2.8,Nvidia,GeForce GTX 1070,16,True,True,Windows,2.2,2449.0
Asus,FX502VM-AS73 (i7-7700HQ/16GB/1TB,Notebook,15.6,1920x1080,Intel,Core i7 7700HQ,2.8,Nvidia,GeForce GTX 1060,16,True,True,Windows,2.2,1749.0
Asus,ROG Strix,Gaming,17.3,1920x1080,Intel,Core i7 7700HQ,2.8,Nvidia,GeForce GTX 1060,16,True,True,Windows,2.9,1949.0
Acer,E5 774G,Notebook,17.3,1600x900,Intel,Core i3 6006U,2.0,Nvidia,GeForce 940MX,4,True,False,Windows,3.3,598.0
Lenovo,IdeaPad 320-17IKB,Notebook,17.3,1600x900,Intel,Core i5 7200U,2.5,Intel,HD Graphics 620,8,True,False,No OS,2.8,539.0
Lenovo,IdeaPad Y700-15ISK,Gaming,15.6,1920x1080,Intel,Core i7 6700HQ,2.6,Nvidia,GeForce GTX 960<U+039C>,8,True,True,Windows,2.6,1272.0
Lenovo,Thinkpad T560,Notebook,15.6,1920x1080,Intel,Core i7 6600U,2.6,Intel,HD Graphics 520,8,False,True,Windows,2.3,1529.0
Dell,Latitude E7270,Ultrabook,12.5,1920x1080,Intel,Core i5 6300U,2.4,Intel,HD Graphics 520,8,False,True,Windows,1.26,1713.37
Dell,XPS 13,Ultrabook,13.3,3200x1800,Intel,Core i7 7500U,2.7,Intel,HD Graphics 620,8,False,True,Windows,1.29,1477.0
Dell,Vostro 3568,Notebook,15.6,1366x768,Intel,Core i5 7200U,2.5,Intel,HD Graphics 520,4,True,False,Linux,2.18,521.86
Lenovo,IdeaPad Y700-15ISK,Gaming,15.6,1920x1080,Intel,Core i7 6700HQ,2.6,Nvidia,GeForce GTX 960M,16,True,True,Windows,2.6,1029.0
Dell,Inspiron 3567,Notebook,15.6,1366x768,Intel,Core i3 7100U,2.4,Intel,HD Graphics 620,8,True,False,Windows,2.3,469.01
HP,15-bs023nv (i3-6006U/4GB/1TB/FHD/W10),Notebook,15.6,1920x1080,Intel,Core i3 6006U,2.0,Intel,HD Graphics 520,4,True,False,Windows,2.1,478.0
HP,EliteBook 840,Ultrabook,14.0,2560x1440,Intel,Core i7 6500U,2.5,Intel,HD Graphics 520,8,False,True,Windows,1.54,2198.19
Dell,Vostro 3559,Notebook,15.6,1366x768,Intel,Core i5 6200U,2.3,Intel,HD Graphics 520,4,True,False,Windows,2.24,737.0
Lenovo,ThinkPad 13,Notebook,13.3,1920x1080,Intel,Core i7 7500U,2.7,Intel,HD Graphics 620,16,False,True,Windows,1.4,1499.0
Asus,ZenBook UX310UA-WB71,Ultrabook,13.3,1920x1080,Intel,Core i7 6500U,2.5,Intel,HD Graphics 520,8,False,True,Windows,1.45,1280.0
Acer,Aspire ES1-572,Notebook,15.6,1366x768,Intel,Core i3 6006U,2.0,Intel,HD Graphics 520,4,True,False,Linux,2.4,361.8
HP,EliteBook 840,Notebook,14.0,1920x1080,Intel,Core i5 6200U,2.3,Intel,HD Graphics 520,4,False,True,Windows,1.54,1099.99
Asus,Rog GL553VE-FY052T,Gaming,15.6,1920x1080,Intel,Core i7 7700HQ,2.8,Nvidia,GeForce GTX 1050 Ti,16,True,True,Windows,2.5,1600.0
Dell,Latitude 5480,Notebook,14.0,1366x768,Intel,Core i5 7200U,2.5,Intel,HD Graphics 620,4,True,False,Windows,1.6,875.0
Asus,Rog GL502VS,Gaming,15.6,1920x1080,Intel,Core i7 6700HQ,2.6,Nvidia,GeForce GTX 1070,16,True,True,Windows,2.34,2325.0
Lenovo,V510-15IKB (i5-7200U/8GB/256GB/FHD/No,Notebook,15.6,1920x1080,Intel,Core i5 7200U,2.5,Intel,HD Graphics 620,8,False,True,No OS,2.3,573.0
Lenovo,IdeaPad 310-15ISK,Notebook,15.6,1920x1080,Intel,Core i3 6100U,2.3,Nvidia,GeForce 920MX,6,False,True,Windows,2.4,569.0
Lenovo,ThinkPad L460,Notebook,14.0,1920x1080,Intel,Core i5 6200U,2.3,Intel,HD Graphics 520,8,False,True,Windows,1.9,1072.0
Asus,Rog G752VT-GC073T,Gaming,17.3,1920x1080,Intel,Core i7 6700HQ,2.6,Nvidia,GeForce GTX 970M,16,True,True,Windows,4.0,1900.0
Dell,Vostro 3568,Notebook,15.6,1366x768,Intel,Core i3 6006U,2.0,Intel,HD Graphics 520,4,True,False,Windows,2.29,490.0
Lenovo,B51-80 (i7-6500U/8GB/1008GB/Radeon,Notebook,15.6,1920x1080,Intel,Core i7 6500U,2.5,AMD,Radeon R5 M330,8,True,True,Windows,2.32,895.0
Dell,Inspiron 3567,Notebook,15.6,1366x768,Intel,Core i3 7100U,2.4,Intel,HD Graphics 620,6,True,False,Windows,2.3,459.0
Lenovo,IdeaPad Y700-15ISK,Notebook,15.6,1920x1080,Intel,Core i7 6700HQ,2.6,Nvidia,GeForce GTX 960M,8,True,False,Windows,2.6,899.0
Dell,Inspiron 3567,Notebook,15.6,1366x768,Intel,Core i7 7500U,2.7,AMD,Radeon R5 M430,8,True,False,Linux,2.3,805.99
Asus,X556UJ-XO044T (i7-6500U/4GB/500GB/GeForce,Notebook,15.6,1366x768,Intel,Core i7 6500U,2.5,Nvidia,GeForce 920M,4,True,False,Windows,2.2,720.32
HP,15-AC110nv (i7-6500U/6GB/1TB/Radeon,Notebook,15.6,1366x768,Intel,Core i7 6500U,2.5,AMD,Radeon R5 M330,6,True,False,Windows,2.19,764.0
