brand,model,type,energy_class,area,functions,guarantee,curr_price,prev_price,min_power,max_power,min_temp,max_temp
VIVAX,ACP-12CH35AEFIs R32,ИНВЕРТЕР СПЛИТ СИСТЕМ,A++,30,Внесете свежина во вашите домашни и деловни простории и во најтешките летни денови!,5,17990.0,20990.0,3517,3810,-10,50
TESLA,CLASSIC TA36FFLL-1232IA,ИНВЕРТЕР СПЛИТ СИСТЕМ,A++,35,/,3,18990.0,,3400,3500,-15,49
VIVAX,ACP-12CH35AEXIs R32,ИНВЕРТЕР СПЛИТ СИСТЕМ,A++,30,/,5,19990.0,24990.0,3520,3810,-15,50
VIVAX,ACP-09CH25AEQIS R32,ИНВЕРТЕР СПЛИТ СИСТЕМ,A++,25,"Висока ефикасност, прикажување на самодијагноза, индикатор за истекување на гасот за разладување, 1W standby, турбо, заштита на вентил на надворешна единица, интелегентно отопување, 12 Fan Speed, безшумна опција, двосмерен одвод на кондензат, дигитален екран.",5,19990.0,22990.0,2638,2930,-15,50
VIVAX,ACP-09PT25AEG,МОБИЛНИ КЛИМА УРЕДИ,A,25,"Тајмер, 3 стапки на проток на воздух, Рачно ракување, Повеќенасочни тркала.",3,19990.0,,2640,2640,17,35
TOSOT,MUSE PREMIUM TWH12AFBXB-K6DNA5A,ИНВЕРТЕР СПЛИТ СИСТЕМ,A++,30,"Произведено од GREE. Самодијагноза, интелегентно отопување, аuto restart, нормален sleep mode,тајмер, turbo",3,19990.0,31990.0,3200,3400,-15,43
VIVAX,ACP-09CH25AEMIS R32,ИНВЕРТЕР СПЛИТ СИСТЕМ,A++,25,"Висока ефикасност, самодијагноза, 1W standby, заштита на вентил надворешна единица, 12 Fan Speed, self cleaning, индикатор за истекување на гасот за разладување, безшумна операција, двосмерен одвод на кондензат, дигитален екран, sleep mode, тајмер, интелегентно отопување, memory функција, турбо, припрема за Wi-Fi  ( WiFi ready )",5,19990.0,24990.0,2638,2930,-15,50
VIVAX,ACP-12CH35AEQIS R32,ИНВЕРТЕР СПЛИТ СИСТЕМ,A++,35,"Висока ефикасност, прикажување на самодијагноза, индикатор за истекување на гасот за разладување, 1W standby, турбо, заштита на вентил на надворешна единица, интелегентно отопување, 12 Fan Speed, безшумна опција, двосмерен одвод на кондензат, дигитален екран.",5,20990.0,25990.0,3517,3810,-15,50
TESLA,CLASSIC TT34EX21-1232IA,ИНВЕРТЕР СПЛИТ СИСТЕМ,A++,35,/,3,20990.0,25990.0,3400,3420,-20,53
VIVAX,ACP-12CH35AEMIS R32,ИНВЕРТЕР СПЛИТ СИСТЕМ,A++,35,"-ГРАТИС WI-FI МОДУЛ!
Висока ефикасност, самодијагноза, 1W standby, заштита на вентил надворешна единица, висока ефикасност, 12 Fan Speed, self cleaning, индикатор за истекување на гасот за разладување, безшумна операција, двосмерен одвод на кондензат, дигитален екран, sleep mode, тајмер, интелегентно отопување, memory функција, турбо.",5,21990.0,27990.0,3517,3810,-15,50
TESLA,SELECT TT34EX81-1232IAW,ИНВЕРТЕР СПЛИТ СИСТЕМ,A++,35,/,3,21990.0,26990.0,3400,3420,-20,53
TESLA,PORTABLE TTMYW-12CHW,МОБИЛНИ КЛИМА УРЕДИ,A,30,/,3,22990.0,,3200,2900,0,0
TESLA,SELECT STYLE TT34EX82BM-1232IAW,ИНВЕРТЕР СПЛИТ СИСТЕМ,A++,35,Стерилизација на 56°C,3,22990.0,,3400,3420,-20,53
TESLA,SELECT STYLE TT34EX82SM-1232IAW,ИНВЕРТЕР СПЛИТ СИСТЕМ,A++,35,Стерилизација на 56°C,3,22990.0,,3400,3420,-20,53
GREE,Charmo Premium GWH12ATBXB-K6DNA1D,ИНВЕРТЕР СПЛИТ СИСТЕМ,A++,30,"GREE компресор со магнети од ретки метали (Rare Earth Magnet)
Функции",10,22990.0,26990.0,3200,3400,-15,43
TCL,Elite Lite TAC-12CHSD/XA73IF,ИНВЕРТЕР СПЛИТ СИСТЕМ,A++,35,/,3,22990.0,25990.0,3400,3420,-20,53
VIVAX,ACP-12CH35AENI R32,ИНВЕРТЕР СПЛИТ СИСТЕМ,A++,35,/,5,22990.0,27990.0,3517,3810,-20,50
TESLA,PORTABLE TTMYB-12CHW,МОБИЛНИ КЛИМА УРЕДИ,A,30,/,3,23590.0,,3200,2900,0,0
AUX,Gentle Breeze ASW-H09B5C4/CAR3DI-C3,ИНВЕРТЕР СПЛИТ СИСТЕМ,A++,25,"A++ / A+++ висока енергетска класа при ладење / греење (топла зона)
DC Hybrid inverter  технологија
SOFT AIR микро отвори за безосетно ладење
вграден WiFi уред за постојана контрола 
I FEEL опција со далечинско како термостат, VOICE Control, 4D Wind, UVC дезинфекција
греач во када на надворешната единица против мрзнење
опсег на работа ладење – надворешна температура од 15 ÷ 52oC
опсег на работа греење – надворешна температура од -25 ÷ 24oC",5,23990.0,,2700,3200,-25,52
VIVAX,ACP-12PT35AEFs,МОБИЛНИ КЛИМА УРЕДИ,A,35,"0.5 W standby, мemory функција (auto-restart), аnti cool air design, oдвлажнување, тајмер, sleep mode, led display, прикажување на само дијагноза, повеќенасочни позиции, самоиспарувачки систем.",3,23990.0,,3517,3517,0,0
HISENSE,EASY SMART CA35YR03G-CA35YR03W,ИНВЕРТЕР СПЛИТ СИСТЕМ,A++,35,5 години гаранција на компресор ( 16.10.2025-31.10.2025 ) со регистрација на  https,2,23990.0,28990.0,3400,3800,-20,43
TESLA,ADVANCE TA36QQCT-1232IAWT,ИНВЕРТЕР СПЛИТ СИСТЕМ,A++,35,"Функција против создавање на мувла и габи 
Функција против ‘рѓа 
Стерилизација на 56°C",3,24990.0,,3500,3800,-25,49
AUX,Gentle Breeze ASW-H12C5A4/CAR3DI-B8,ИНВЕРТЕР СПЛИТ СИСТЕМ,A++,35,"A++ / A+++ висока енергетска класа при ладење / греење (топла зона)
DC Hybrid inverter  технологија
SOFT AIR микро отвори за безосетно ладење
вграден WiFi уред за постојана контрола 
I FEEL опција со далечинско како термостат, VOICE Control, 4D Wind, UVC дезинфекција
греач во када на надворешната единица против мрзнење
опсег на работа ладење – надворешна температура од 15 ÷ 52oC
опсег на работа греење – надворешна температура од -25 ÷ 24oC",5,24990.0,,3500,3800,-25,52
TESLA,ADVANCE TT34TP81-1232IAWT,ИНВЕРТЕР СПЛИТ СИСТЕМ,A++,35,UV lamp,3,24990.0,28990.0,3500,3620,-25,53
TESLA,ADVANCE TT34TP81-1232IHWT,ИНВЕРТЕР СПЛИТ СИСТЕМ,A+++,35,"Функција против создавање на мувла и габи 
Функција против ‘рѓа 
Стерилизација на 56°C",3,25990.0,,3520,3860,-25,52
GREE,PULAR PREMIUM GWH07AGA-K6DNA1A,ИНВЕРТЕР СПЛИТ СИСТЕМ,A++,20,/,10,25990.0,29990.0,2200,2400,-15,43
HAIER,AS25RHBHRA / 1U25YERFRA Revive,ИНВЕРТЕР СПЛИТ СИСТЕМ,A++,25,"- Фабрички вграден hOn Wi-Fi
- Tивок режим на работа (18dB)
- Coanda Plus технологија за рамномерна дистрибуција на воздухот
- Super Quiet mode, Comfortable sleep mode, Aнтибактериски филтер
- Модерниот дизајн дава можност за многу брза и прецизна инсталација",3,25990.0,,2500,2800,-15,43
VIVAX,ACP-12PT35AEHs,МОБИЛНИ КЛИМА УРЕДИ,A+,35,"0.5 W standby, memory функција (auto-restart), anti cool air design, oдвлажнување, тајмер, sleep mode, led display, прикажување на само диагноза, повеќенасочни позиции, самоиспарувачки систем.",3,25990.0,,3500,2900,5,35
HAIER,AS35RHBHRA / 1U35YERFRA Revive,ИНВЕРТЕР СПЛИТ СИСТЕМ,A++,35,"- Фабрички вграден hOn Wi-Fi - Tивок режим на работа (18dB) - Coanda Plus технологија за рамномерна дистрибуција на воздухот - Super Quiet mode, Comfortable sleep mode, Aнтибактериски филтер - Модерниот дизајн дава можност за многу брза и прецизна инсталација",3,26990.0,32000.0,3200,3400,-15,43
GREE,Charmo Arctic PRO II GWH09ATCXB-K6DNA4A,ИНВЕРТЕР СПЛИТ СИСТЕМ,A++,25,Функции,10,26990.0,29990.0,2700,3000,-25,50
GREE,PULAR PREMIUM GWH09AGA-K6DNA1A,ИНВЕРТЕР СПЛИТ СИСТЕМ,A++,25,/,10,26990.0,31990.0,2500,2800,-15,43
TESLA,ADVANCE TT34TP91-1232IHWT,ИНВЕРТЕР СПЛИТ СИСТЕМ,A+++,35,UV lamp,3,26990.0,,3510,3800,-25,53
HISENSE,WINGS PRO KB35YR3EG-KB35YR3EW,ИНВЕРТЕР СПЛИТ СИСТЕМ,A++,35,5 години гаранција на компресор ( 16.10.2025-31.10.2025 ) со регистрација на  https,2,26990.0,32990.0,3400,3800,-20,43
BOSCH,CLIMATE 2000 26 WE,ИНВЕРТЕР СПЛИТ СИСТЕМ,A++,25,"- Внатрешната единица може да работи исклучително тивко со ниво на бучавост од само 21 dB(A)
- Филтрите со висока густина и филтрите со ладен катализатор ја отстрануваат прашината и поленот од просторијата до 80%
- Комбинацијата на вертикални и хоризонтални перки за вентилација обезбедува рамномерна распределба на протокот на воздух",3,27900.0,35900.0,2600,2900,-15,50
GREE,FAIRY PREMIUM GWH12ACC-K6DNA1F,ИНВЕРТЕР СПЛИТ СИСТЕМ,A++,35,"SMART DC Инвертер со G10 технологија, патент на ГРЕЕ
GREE компресор со магнети од ретки метали (Rare Earth Magnet)
EEV – Eлектронски експанзионен вентил, Грејач на тацна за одмрзнување на кондензат
Функции",10,27990.0,39990.0,3510,3810,-25,50
GREE,FAIRY PREMIUM Black GWH12ACC-K6DNA1F,ИНВЕРТЕР СПЛИТ СИСТЕМ,A++,35,"SMART DC Инвертер со G10 технологија, патент на ГРЕЕ GREE компресор со магнети од ретки метали (Rare Earth Magnet) EEV – Eлектронски експанзионен вентил, Грејач на тацна за одмрзнување на кондензат Функции",10,27990.0,41990.0,3510,3810,-25,50
VIVAX,ACP-09CH25AERI+ R32,ИНВЕРТЕР СПЛИТ СИСТЕМ,A+++,25,/,5,27990.0,33990.0,2638,2931,-25,50
VIVAX,ACP-12CH35AERI+ R32,ИНВЕРТЕР СПЛИТ СИСТЕМ,A+++,35,/,5,27990.0,36990.0,3517,3810,-25,50
VIVAX,ACP-09CH25AERI+ R32 Gold,ИНВЕРТЕР СПЛИТ СИСТЕМ,A+++,25,/,5,27990.0,33990.0,2638,2931,-25,50
VIVAX,ACP-09CH25AERI+ R32 Silver,ИНВЕРТЕР СПЛИТ СИСТЕМ,A+++,25,/,5,27990.0,33990.0,2638,2931,-25,50
TOSOT,MUSE EXTREME LCLH TWH12AFC-K6DNA5F,ИНВЕРТЕР СПЛИТ СИСТЕМ,A++,35,"Произведено од GREE. Самодијагноза, интелегентно отопување, аuto restart, I Feel фунција, нормален sleep mode,тајмер, turbo",3,27990.0,37990.0,3510,3810,-25,50
HAIER,TIDE PLUS AS25THMHRA-C/1U25YEFFRA-C,ИНВЕРТЕР СПЛИТ СИСТЕМ,A++,25,"DC Inverter технологија со Intelligent Air, функција на самочистење и самодијагностицирање, можност за Wi-Fi управување, Auto-restart, 24h тајмер, оптимизиран дизајн на вентилаторот.",3,27990.0,31990.0,2600,2800,-15,43
HAIER,TUNDRA PLUS AS25TAEHRA-THC/1U25YEFFRA-1,ИНВЕРТЕР СПЛИТ СИСТЕМ,A++,25,"180° sine wave DC Inverter технологија со IntelligentAir, Super Quiet mode, Comfortable sleep mode - режими на работа , Eurovent сертификат, можност за Wi-Fi управување, функција на самочистење и самодијагностицирање, Auto-restart, 24hтајмер.",3,27990.0,36990.0,2600,2900,-15,43
HAIER,TUNDRA GREEN AS25TADHRA-CL/1U25BEЕFRA,ИНВЕРТЕР СПЛИТ СИСТЕМ,A++,25,"180° sine wave DC Inverter технологија со IntelligentAir, Super Quiet mode, Comfortable sleep mode - режими на работа 
, Eurovent сертификат, можност за Wi-Fi управување, функција на самочистење и самодијагностицирање, Auto-restart, 24hтајмер.",3,27990.0,33990.0,2600,2900,-15,43
GREE,Charmo Arctic PRO II GWH12ATCXB-K6DNA4A,ИНВЕРТЕР СПЛИТ СИСТЕМ,A++,35,Функции,10,27990.0,30990.0,3510,3810,-25,50
GREE,PULAR PREMIUM GWH12AGC-K6DNA1A,ИНВЕРТЕР СПЛИТ СИСТЕМ,A++,30,/,10,27990.0,33990.0,3200,3400,-15,43
TESLA,STANDARD TT51X81-18410A,СТАНДАРД СПЛИТ СИСТЕМ,A,55,/,3,28990.0,29990.0,4990,5310,-7,43
VIVAX,ACP-12CH35AERI+ R32 Red,ИНВЕРТЕР СПЛИТ СИСТЕМ,A+++,35,/,5,29990.0,36990.0,3517,3810,-25,50
VIVAX,ACP-12CH35AERI+ R32 Silver,ИНВЕРТЕР СПЛИТ СИСТЕМ,A+++,35,/,5,29990.0,36990.0,3517,3810,-25,50
VIVAX,ACP-12CH35AERI+ R32 Gold,ИНВЕРТЕР СПЛИТ СИСТЕМ,A+++,35,/,5,29990.0,36990.0,3517,3810,-25,50
HAIER,TIDE PLUS AS35TAMHRA-C/1U35YEFFRA-C,ИНВЕРТЕР СПЛИТ СИСТЕМ,A++,35,"DC Inverter технологија со Intelligent Air, функција на самочистење и самодијагностицирање, можност за Wi-Fi управување, Auto-restart, 24h тајмер, оптимизиран дизајн на вентилаторот.",3,29990.0,33990.0,3200,3400,-15,43
HAIER,TUNDRA PLUS AS35TADHRA-THC/1U35MEEFRA-1,ИНВЕРТЕР СПЛИТ СИСТЕМ,A++,35,"180° sine wave DC Inverter технологија со IntelligentAir, Super Quiet mode, Comfortable sleep mode - режими на работа , Eurovent сертификат, можност за Wi-Fi управување, функција на самочистење и самодијагностицирање, Auto-restart, 24hтајмер.",3,29990.0,38990.0,3600,3700,-15,43
BOSCH,CLIMATE 2000 35 WE,ИНВЕРТЕР СПЛИТ СИСТЕМ,A++,35,"- Внатрешната единица може да работи исклучително тивко со ниво на бучавост од само 21 dB(A)
- Филтрите со висока густина и филтрите со ладен катализатор ја отстрануваат прашината и поленот од просторијата до 80%
- Комбинацијата на вертикални и хоризонтални перки за вентилација обезбедува рамномерна распределба на протокот на воздух",3,30900.0,36900.0,3500,3800,-15,50
VIVAX,ACP-12CH35AERI+ R32 Silver Mirror,ИНВЕРТЕР СПЛИТ СИСТЕМ,A+++,35,/,5,30990.0,36990.0,3517,3810,-25,50
CARRIER,Crystal Ultra Clean Plus 42QHG009D8SU2 / 38QHG009D8SU2,ИНВЕРТЕР СПЛИТ СИСТЕМ,A++,25,"Фабрички вграден Wi-Fi
Triple action filter",3,30990.0,36990.0,2750,2900,-15,50
SAMSUNG,AR12TXHQASINEU,ИНВЕРТЕР СПЛИТ СИСТЕМ,A++,35,"* Тивко и пријатно работење 
* Филтер и пријатно работење",2,31490.0,34990.0,3520,3810,-15,46
TOSOT,MUSE PREMIUM TWH18AFD-K6DNA5A,ИНВЕРТЕР СПЛИТ СИСТЕМ,A++,55,"Произведено од GREE. Самодијагноза, интелегентно отопување, аuto restart, нормален sleep mode,тајмер, turbo.",3,31990.0,43990.0,4600,5200,-15,43
HISENSE,UNI PURE HB35XU0AG-AS35XU0EW,ИНВЕРТЕР СПЛИТ СИСТЕМ,A+++,35,5 години гаранција на компресор ( 16.10.2025-31.10.2025 ) со регистрација на https,2,32290.0,37990.0,3200,3900,-22,43
TESLA,CLASSIC TT51EX21-1832IA,ИНВЕРТЕР СПЛИТ СИСТЕМ,A++,55,/,3,32990.0,,5100,5100,-20,53
VIVAX,ACP-18CH50AEQIS R32,ИНВЕРТЕР СПЛИТ СИСТЕМ,A++,55,"Висока ефикасност, прикажување на самодијагноза, индикатор за истекување на гасот за разладување, 1W standby, турбо, заштита на вентил на надворешна единица, интелегентно отопување, 12 Fan Speed, безшумна опција, двосмерен одвод на кондензат, дигитален екран.",5,32990.0,45990.0,5275,5570,-15,50
VIVAX,ACP-12CH35AEHI+ R32,ИНВЕРТЕР СПЛИТ СИСТЕМ,A+++,40,/,5,33990.0,39990.0,3517,3810,-25,50
GREE,Charmo Premium GWH18ATDXB-K6DNA1A,ИНВЕРТЕР СПЛИТ СИСТЕМ,A++,50,GREE компресор со магнети од ретки метали (Rare Earth Magnet) Функции,10,33990.0,39990.0,4600,5200,-15,43
VIVAX,ACP-18CH50AEGIs R32,ИНВЕРТЕР СПЛИТ СИСТЕМ,A++,55,/,5,33990.0,39990.0,5275,5568,-10,50
TESLA,SELECT TT51EX81-1832IAW,ИНВЕРТЕР СПЛИТ СИСТЕМ,A++,55,/,3,33990.0,,5100,5100,-20,53
VIVAX,ACP-12CH35AEHI+ R32 GOLD,ИНВЕРТЕР СПЛИТ СИСТЕМ,A+++,40,/,5,34990.0,39990.0,3517,3810,-25,50
VIVAX,ACP-12CH35AEHI+ R32 SILVER,ИНВЕРТЕР СПЛИТ СИСТЕМ,A+++,40,/,5,34990.0,39990.0,3517,3810,-25,50
CARRIER,Crystal Ultra Clean Plus 42QHG012D8SU2 / 38QHG012D8SU2,ИНВЕРТЕР СПЛИТ СИСТЕМ,A++,35,Фабрички вграден Wi-Fi Triple action filter,3,34990.0,41990.0,3650,3900,-15,50
VIVAX,ACP-18CH50AEMIS R32,ИНВЕРТЕР СПЛИТ СИСТЕМ,A++,55,/,5,35990.0,46990.0,5275,5570,-15,50
VIVAX,ACP-12CH35AEHI+ R32 GRAY MIRROR,ИНВЕРТЕР СПЛИТ СИСТЕМ,A+++,40,/,5,35990.0,39990.0,3517,3810,-25,50
AUX,Gentle Breeze ASW-H18E3A4/CAR3DI-C0,ИНВЕРТЕР СПЛИТ СИСТЕМ,A++,55,"A++ / A+++ висока енергетска класа при ладење / греење (топла зона)
DC Hybrid inverter  технологија
SOFT AIR микро отвори за безосетно ладење
вграден WiFi уред за постојана контрола 
I FEEL опција со далечинско како термостат, VOICE Control, 4D Wind, UVC дезинфекција
греач во када на надворешната единица против мрзнење
опсег на работа ладење – надворешна температура од 15 ÷ 52oC
опсег на работа греење – надворешна температура од -25 ÷ 24oC",5,36990.0,,5400,5600,-25,52
HISENSE,Energy Pro + QE35XV4EG-AS35XV4EW,ИНВЕРТЕР СПЛИТ СИСТЕМ,A+++,40,5 години гаранција на компресор ( 16.10.2025-31.10.2025 ) со регистрација на https,2,36990.0,49990.0,3500,4200,-22,43
GREE,Console GEH09AAXB-K6DNA1A,ПАРАПЕТНИ/КОНЗОЛНИ,A++,25,"Самодијагностика, Интелигентен Дефрост, I-Feel, Плазма филтер, вградена WiFi контрола, 8°С греење, економичен мод, Турбо функција за брзо ладење/греење, 7 Fan брзини на дување, Quiet Fan брзина.",10,36990.0,49990.0,2700,2900,-22,43
CARRIER,Superia 42QHB012D8SP / 38QHG012D8SP,ИНВЕРТЕР СПЛИТ СИСТЕМ,A++,35,- Triple Filter,3,36990.0,46990.0,3500,3800,-15,50
HISENSE,EASY SMART CA50XS1AG-CA50XS1AW,ИНВЕРТЕР СПЛИТ СИСТЕМ,A++,55,5 години гаранција на компресор ( 16.10.2025-31.10.2025 ) со регистрација на https,2,36990.0,42990.0,5000,5600,-20,43
GREE,CLIVIA GWH12AUCXB-K6DNA1A White,ИНВЕРТЕР СПЛИТ СИСТЕМ,A++,35,Интертек сертификат,10,36990.0,39990.0,3510,3810,-25,53
GREE,Console GEH12AAXD-K6DNA1A,ПАРАПЕТНИ/КОНЗОЛНИ,A++,35,"Самодијагностика, Интелигентен Дефрост, I-Feel, Плазма филтер, вградена WiFi контрола, 8°С греење, економичен мод, Турбо функција за брзо ладење/греење, 7 Fan брзини на дување, Quiet Fan брзина.",10,37990.0,49990.0,3520,3800,-22,43
VIVAX,ACP-18CH50AENI R32,ИНВЕРТЕР СПЛИТ СИСТЕМ,A++,55,/,5,37990.0,45990.0,5275,5568,-20,50
GREE,CLIVIA GWH12AUCXB-K6DNA1A Blue,ИНВЕРТЕР СПЛИТ СИСТЕМ,A++,35,Интертек сертификат,10,37990.0,39990.0,3510,3810,-25,53
SAMSUNG,LUZON AR12TXHZAWKNEU,ИНВЕРТЕР СПЛИТ СИСТЕМ,A++,35,"* Функцијата AUTO CLEAN автоматски го стартува вентилаторот за отстранување на прашина и влага во разменувачот на топлина
* EASY Filter Plus лоциран на надворешната страна , одозгора , така што лесно може да се извлече и исчисти",2,38690.0,42990.0,3500,4000,-15,46
BOSCH,CLIMATE 3200i 35 WE,ИНВЕРТЕР СПЛИТ СИСТЕМ,A++,35,"Добитник на Eurovent сертификат. Eurovent тестира и потврдува дека перформансите и техничките карактеристики на производите за климатизација се целосно усогласени со европските и светските стандарди. Eurovent Certification е светски лидер во сертификација од трети страни, со што обезбедува гаранција за перформансите на производот и гарантира дека сертифицираните производи ќе работат како што се рекламираат.",3,38900.0,44990.0,3500,3800,-20,50
CARRIER,Extreme 2 38QHG009D8SE / 42QHG009D8SE,ИНВЕРТЕР СПЛИТ СИСТЕМ,A++,25,"Интегриран грејач на надворешна единица за заштита од
замрзнување.Pre Filter, Cold Catalyst, Vitamin C, Ionizer – филтрирачки систем.Вклученa UV lamp, Green Fin (9, 12).Функции Breeze Away, Follow Me, Turbo, X-Eco, Sleep и Quie.Golden Fin – антикорозивен, антибактериски слој врз топлинскиот изменувач.Wi-Fi уред вклучен во цената, Eurovent сертификат.Функција на самодијагностицирање, Auto Defrosting, Auto Restart, 24h тајмер",3,38990.0,43990.0,2750,2900,-20,50
VAILLANT,PRO VAIB1-025WN,ИНВЕРТЕР СПЛИТ СИСТЕМ,A++,25,/,2,38990.0,41990.0,2700,3000,-15,50
VAILLANT,INTRO VAIL1-030,ИНВЕРТЕР СПЛИТ СИСТЕМ,A++,35,/,2,38990.0,42990.0,3200,3400,-15,43
TOSHIBA,SEIYA CLASSIC 2 RAS-B10B2KVG-Е2 / RAS-10B2AVG-E2,ИНВЕРТЕР СПЛИТ СИСТЕМ,A++,25,"- A++ / А+ висока енергетска класа ладење /греење
-Нова генерација на надворешна единица
-DC Hybrid Inverter технологија
-ULTRA FRESH филтер, функција самочистење со антипрашлест филтер
-Исклучително тивка работа (дури до 19 dB)
-Опција за Wi-Fi управување (со доплата)",3,38990.0,45990.0,2500,3200,-15,46
HISENSE,Energy PRO X QH35XV4BG-AS35XV4EW,ИНВЕРТЕР СПЛИТ СИСТЕМ,A+++,40,5 години гаранција на компресор ( 16.10.2025-31.10.2025 ) со регистрација на https,2,39990.0,44990.0,3500,4200,-22,43
GREE,FREE AIR GWH12AOC-K6DNA1A,ИНВЕРТЕР СПЛИТ СИСТЕМ,A++,40,Eдинствениот GREE клима уред со УВ лампа и внес на свеж воздух во вашиот дом!,10,39990.0,49990.0,3700,4800,-15,43
GREE,AIRY PRO White GWH12AVCXD-K6DNA1A,ИНВЕРТЕР СПЛИТ СИСТЕМ,A+++,40,"Самодијагностика, Грее-AI технологија на самоучење, Паметно Одвлажнување, (HDT)-Хибридна Дефрост Технологија, Лимитатор на Моќноста на 50%, 75%, или 100%, вградена UV-C ламба за дезинфекција на бактерии и вируси,  Интелигентен Дефрост, I-Feel, Плазма филтер, вградена WiFi контрола, Греење од 8°С до 30°С греење, Економичен мод, Турбо функција за брзо ладење/греење, 7 Fan брзини на дување, Quiet Fan брзина, Aвтоматски вертикален и хоризонтален Swing.",10,39990.0,,3500,3810,-25,50
GREE,PULAR PREMIUM GWH18AGD-K6DNA1D,ИНВЕРТЕР СПЛИТ СИСТЕМ,A++,50,/,10,39990.0,45990.0,4600,5200,-15,43
GREE,AIRY PRO Silver GWH12AVCXD-K6DNA1A,ИНВЕРТЕР СПЛИТ СИСТЕМ,A+++,40,"Самодијагностика, Грее-AI технологија на самоучење, Паметно Одвлажнување, (HDT)-Хибридна Дефрост Технологија, Лимитатор на Моќноста на 50%, 75%, или 100%, вградена UV-C ламба за дезинфекција на бактерии и вируси,  Интелигентен Дефрост, I-Feel, Плазма филтер, вградена WiFi контрола, Греење од 8°С до 30°С греење, Економичен мод, Турбо функција за брзо ладење/греење, 7 Fan брзини на дување, Quiet Fan брзина, Aвтоматски вертикален и хоризонтален Swing.",10,40990.0,,3500,3810,-25,50
GREE,AIRY PRO Black GWH12AVCXD-K6DNA1A,ИНВЕРТЕР СПЛИТ СИСТЕМ,A+++,40,"Самодијагностика, Грее-AI технологија на самоучење, Паметно Одвлажнување, (HDT)-Хибридна Дефрост Технологија, Лимитатор на Моќноста на 50%, 75%, или 100%, вградена UV-C ламба за дезинфекција на бактерии и вируси,  Интелигентен Дефрост, I-Feel, Плазма филтер, вградена WiFi контрола, Греење од 8°С до 30°С греење, Eкономичен мод, Турбо функција за брзо ладење/греење, 7 Fan брзини на дување, Quiet Fan брзина, Aвтоматски вертикален и хоризонтален Swing.",10,40990.0,,3500,3810,-25,50
GREE,S Nordic GWH09APAXE-K6DNA3A,ИНВЕРТЕР СПЛИТ СИСТЕМ,A+++,30,"- Eлектронски експанзионен вентил, Грејач против замрзнување на кондензот, Двореден изменувач.
- Функции",10,40990.0,46990.0,2700,3600,-30,43
GREE,AIRY PRO Gold GWH12AVCXD-K6DNA1A,ИНВЕРТЕР СПЛИТ СИСТЕМ,A+++,40,"Самодијагностика, Грее-AI технологија на самоучење, Паметно Одвлажнување, (HDT)-Хибридна Дефрост Технологија, Лимитатор на Моќноста на 50%, 75%, или 100%, вградена UV-C ламба за дезинфекција на бактерии и вируси, Интелигентен Дефрост, I-Feel, Плазма филтер, вградена WiFi контрола, Греење од 8°С до 30°С греење, Економичен мод, Турбо функција за брзо ладење/греење, 7 Fan брзини на дување, Quiet Fan брзина, Aвтоматски вертикален и хоризонтален Swing.",10,40990.0,,3500,3810,-25,50
HISENSE,WINGS PRO KB50XS1EG-KB50XS1EW,ИНВЕРТЕР СПЛИТ СИСТЕМ,A++,55,5 години гаранција на компресор ( 16.10.2025-31.10.2025 ) со регистрација на https,2,40990.0,47990.0,5000,5600,-20,43
TESLA,ADVANCE TT51TP81-1832IHWT,ИНВЕРТЕР СПЛИТ СИСТЕМ,A+++,55,"Функција против создавање на мувла и габи 
Функција против ‘рѓа 
Стерилизација на 56°C",3,41990.0,,5200,5500,-25,52
HAIER,FLEXIS AS35S2SF1FA/1U35S2SM1FA,ИНВЕРТЕР СПЛИТ СИСТЕМ,A+++,40,"A-PAM DC Inverter технологија со IntelligentAir, super Quiet mode, comfortable sleep mode - режими на работа, LED дисплеј во боја, Wi-Fi уред вклучен во цената, вграден Eco sensor, dry функција за одвлажување и можност за 3М Purify Filter, функција Clean Air за активно прочистување на воздухот од вируси, бактерии и прашина, функција на самочистење и самодијагностицирање, аuto-restart, Real Clock Timer.",3,41990.0,49990.0,3500,4200,-20,43
GREE,S Nordic GWH12APAXE-K6DNA3A,ИНВЕРТЕР СПЛИТ СИСТЕМ,A+++,40,"Eлектронски експанзионен вентил, Грејач против замрзнување на кондензот, Двореден изменувач.
 Функции",10,41990.0,49990.0,3520,3800,-30,43
VIVAX,ACP-18CH50AERI+ R32,ИНВЕРТЕР СПЛИТ СИСТЕМ,A++,55,/,5,42990.0,52990.0,5275,5568,-20,50
CARRIER,Extreme 2 38QHG012D8SE / 42QHG012D8SE,ИНВЕРТЕР СПЛИТ СИСТЕМ,A++,35,"Интегриран грејач на надворешна единица за заштита од
замрзнување.Pre Filter, Cold Catalyst, Vitamin C, Ionizer – филтрирачки систем.Вклученa UV lamp, Green Fin (9, 12).Функции Breeze Away, Follow Me, Turbo, X-Eco, Sleep и Quie.Golden Fin – антикорозивен, антибактериски слој врз топлинскиот изменувач.Wi-Fi уред вклучен во цената, Eurovent сертификат.Функција на самодијагностицирање, Auto Defrosting, Auto Restart, 24h тајмер",3,42990.0,46990.0,3650,3900,-20,50
TOSHIBA,SEIYA CLASSIC 2 RAS-B13B2KVG-Е2 / RAS-13B2AVG-E2,ИНВЕРТЕР СПЛИТ СИСТЕМ,A++,35,"- A++ / А+ висока енергетска класа ладење /греење -Нова генерација на надворешна единица -DC Hybrid Inverter технологија -ULTRA FRESH филтер, функција самочистење со антипрашлест филтер -Исклучително тивка работа (дури до 19 dB) -Опција за Wi-Fi управување (со доплата)",3,42990.0,48990.0,3300,3600,-15,46
SAMSUNG,CEBU AR12TXFYAWKNEU/AR12TXFYAWKXEU,ИНВЕРТЕР СПЛИТ СИСТЕМ,A++,35,"* Функцијата на вештачка интелегенција ( AI ) го анализира и помни начинот на употреба на единицата на корисникот и автоматски го користи режимот кој најмногу одговара на тековната сотојба , земајќи во предвид внатрешната и надворешната температура , посакуваната температура и времето на работа.
* Интегриран WI-FI",2,43640.0,48490.0,3500,3500,-15,46
TESLA,ADVANCE TT51TP91-1832IHWT,ИНВЕРТЕР СПЛИТ СИСТЕМ,A++,55,"Функција против создавање на мувла и габи 
Функција против ‘рѓа 
Стерилизација на 56°C",3,43990.0,,5100,5800,-25,53
GREE,Charmo Arctic PRO II GWH18ATDXD-K6DNA4A,ИНВЕРТЕР СПЛИТ СИСТЕМ,A++,55,Функции,10,43990.0,49990.0,5300,5600,-25,50
VAILLANT,PRO VAIB1-035WN,ИНВЕРТЕР СПЛИТ СИСТЕМ,A++,35,/,2,43990.0,46990.0,3500,3800,-15,50
VIVAX,ACP-12CT35AERI+ R32,ПАРАПЕТНИ/КОНЗОЛНИ,A++,40,"Двоен издувен воздух
Подните сплит ситеми имаат издувни гасови на две
страни за уште поефикасно загревање и ладење.
Дефлекторите интелигентно го насочуваат ладниот
воздух нагоре и топлиот воздух надолу, за брзо и
ефикасно поставување на совршената температура
без да дува воздух директно кон луѓето присутни
во просторијата.",5,44990.0,59990.0,3520,3810,-20,50
HAIER,TUNDRA PLUS AS50TDDHRA-THC/1U50MEMFRA-C,ИНВЕРТЕР СПЛИТ СИСТЕМ,A++,60,"180° sine wave DC Inverter технологија со IntelligentAir, Super Quiet mode, Comfortable sleep mode - режими на работа , Eurovent сертификат, можност за Wi-Fi управување, функција на самочистење и самодијагностицирање, Auto-restart, 24hтајмер.",3,44990.0,55990.0,5000,5200,-15,43
TOSOT,MUSE EXTREME LCLH TWH18AFD-K6DNA5I,ИНВЕРТЕР СПЛИТ СИСТЕМ,A++,55,"Произведено од GREE. Самодијагноза, Интелегентно отопување, Аuto restart, I Feel фунција, Нормален Sleep Mode,Тајмер, Турбо.",3,45990.0,57990.0,5200,5600,-25,50
HITACHI,RAK-DJ35PHAE/RAC-DJ35PHAE,ИНВЕРТЕР СПЛИТ СИСТЕМ,A++,40,/,2,45990.0,49990.0,3500,4200,-15,50
TESLA,SELECT TT68EX81-2432IAW,ИНВЕРТЕР СПЛИТ СИСТЕМ,A++,75,/,3,45990.0,,6810,6870,-20,53
VIVAX,ACP-18CH50AERI+ R32 Silver Mirror,ИНВЕРТЕР СПЛИТ СИСТЕМ,A++,55,/,5,46990.0,52990.0,5275,5568,-20,50
HAIER,AS50RCBHRA / 1U50MERFRA Revive,ИНВЕРТЕР СПЛИТ СИСТЕМ,A++,55,"- Фабрички вграден hOn Wi-Fi - Tивок режим на работа (18dB) - Coanda Plus технологија за рамномерна дистрибуција на воздухот - Super Quiet mode, Comfortable sleep mode, Aнтибактериски филтер - Модерниот дизајн дава можност за многу брза и прецизна инсталација",3,46990.0,,4800,4800,-15,43
FUJITSU,ASYG-12KPCA / AOYG-12KPCA,ИНВЕРТЕР СПЛИТ СИСТЕМ,A++,35,/,2,47490.0,,3400,3800,-15,46
MITSUBISHI,Heavy Standard  SRK25ZSP-W,ИНВЕРТЕР СПЛИТ СИСТЕМ,A++,25,Компактниот дизајн на ZSP серијата ги прави перфектини за мали простори како што се спални соби и детски соби.,3,47690.0,,2500,2800,-15,46
BOSCH,CLIMATE 4000i 35 WE,ИНВЕРТЕР СПЛИТ СИСТЕМ,A++,35,"- Греач на компресор и греач во садот за кондензат
- I-clean’ функција, го загрева воздухот во испарувачот до 56 °C и на тој начин ги отстранува штетните бактерии
- ‘Wind avoid me’, избегнете воздухот да дува директно врз вас
- ‘Follow me’  преку сензор во далечинскиот управувач ја мери температурата во областа каде се наоѓа далечинскиот управувач
- ‘Gear’ режим, за заштеда на енергија, можни се три брзини на вентилаторот
- ‘8°C heating’ mode, заштита од смрзнување внатре во просторијата, одржувајќи температура од +8°C
- Работа во режим на ладење при ниски надворешни температури (на пр. во сервер соби)",3,47900.0,56900.0,3500,3800,-21,50
GREE,FAIRY PREMIUM Black GWH18ACD-K6DNA1I,ИНВЕРТЕР СПЛИТ СИСТЕМ,A++,60,"SMART DC Инвертер со G10 технологија, патент на ГРЕЕ
GREE компресор со магнети од ретки метали (Rare Earth Magnet)
Двореден топлински изменувач во надворешната единица
EEV – Eлектронски експанзионен вентил, Грејач за одмрзнување на кондензат
Функции",10,47990.0,61990.0,5200,5600,-25,50
VIVAX,ACP-18CH50AEHI+ R32,ИНВЕРТЕР СПЛИТ СИСТЕМ,A++,55,/,5,47990.0,52990.0,5275,5569,-25,50
GREE,FAIRY PREMIUM PLUS GWH18ACDXF-K6DNA1A,ИНВЕРТЕР СПЛИТ СИСТЕМ,A++,60,"SMART DC Инвертер со G10 технологија, патент на GREE компресор со магнети од ретки метали (Rare Earth Magnet) Двореден топлински изменувач во надворешната единица EEV – Eлектронски експанзионен вентил, Грејач за одмрзнување на кондензат Функции",10,47990.0,56990.0,5300,5600,-25,50
HISENSE,ENERGY SE KA50BS0EG-KA50BS0EW,ИНВЕРТЕР СПЛИТ СИСТЕМ,A++,60,5 години гаранција на компресор ( 16.10.2025-31.10.2025 ) со регистрација на https,2,47990.0,55990.0,5000,5400,-22,43
SAMSUNG,WIND FREE COMFORT AR12TXFCAWKNEU/AR12TXFCAWKXEU,ИНВЕРТЕР СПЛИТ СИСТЕМ,A++,35,"* Опцијата WindFree го неутрализира директниот нацрт благодарение на 21 000 микро дупки .
* Функцијата на вештачка интелегенција ( AI ) го анализира и помни начинот на употреба на единицата на корисникот и автоматски го користи режимот кој најмногу одговара на тековната сотојба , земајќи во предвид внатрешната и надворешната температура , посакуваната температура и времето на работа.
* Интегриран WI-FI",2,48590.0,53990.0,3500,3500,-15,46
TOSHIBA,SEIYA NEW RAS-B10E2KVG-Е / RAS-10E2AVG-E,ИНВЕРТЕР СПЛИТ СИСТЕМ,A++,25,"A++ висока енергетска класа ладење / греење
• DC Hybrid Inverter технологија
• ULTRA Fresh филтер, функција самочистење со антипрашест
филтер
• исклучително тивка работа (дури до 19 dB)",3,48990.0,53990.0,2500,3200,-15,46
VIVAX,ACP-18CH50AEHI+ R32 SILVER,ИНВЕРТЕР СПЛИТ СИСТЕМ,A++,55,/,5,48990.0,52990.0,5275,5569,-25,50
VIVAX,ACP-18CH50AEHI+ R32 GOLD,ИНВЕРТЕР СПЛИТ СИСТЕМ,A++,55,/,5,48990.0,52990.0,5275,5569,-25,50
BOSCH,CLIMATE 2000 53 WE,ИНВЕРТЕР СПЛИТ СИСТЕМ,A++,55,"- Внатрешната единица може да работи исклучително тивко со ниво на бучавост од само 21 dB(A)
- Филтрите со висока густина и филтрите со ладен катализатор ја отстрануваат прашината и поленот од просторијата до 80%
- Комбинацијата на вертикални и хоризонтални перки за вентилација обезбедува рамномерна распределба на протокот на воздух",3,49900.0,57900.0,5300,5600,-15,50
AUX,Gentle Breeze ASW-H24G3A4/CAR3DI-B9,ИНВЕРТЕР СПЛИТ СИСТЕМ,A++,70,"A++ / A+++ висока енергетска класа при ладење / греење (топла зона)
DC Hybrid inverter  технологија
SOFT AIR микро отвори за безосетно ладење
вграден WiFi уред за постојана контрола 
I FEEL опција со далечинско како термостат, VOICE Control, 4D Wind, UVC дезинфекција
греач во када на надворешната единица против мрзнење
опсег на работа ладење – надворешна температура од 15 ÷ 52oC
опсег на работа греење – надворешна температура од -25 ÷ 24oC",5,49990.0,,7300,7300,-25,52
TOSOT,Nordic Pro TWH12YD-S6DBA2A,ИНВЕРТЕР СПЛИТ СИСТЕМ,A+++,45,"Произведено од GREE. Самодијагноза, Интелегентно отопување, Аuto restart, I Feel фунција, Нормален Sleep Mode,Тајмер, Турбо.",3,49990.0,63990.0,3530,4200,-30,52
TOSHIBA,SEIYA NEW RAS-B13E2KVG-Е / RAS-13E2AVG-E,ИНВЕРТЕР СПЛИТ СИСТЕМ,A++,35,"A++ висока енергетска класа ладење / греење • DC Hybrid Inverter технологија • ULTRA Fresh филтер, функција самочистење со антипрашест филтер • исклучително тивка работа (дури до 19 dB)",3,49990.0,54990.0,3300,3600,-15,46
VIVAX,ACP-18CH50AEHI+ R32 GRAY MIRROR,ИНВЕРТЕР СПЛИТ СИСТЕМ,A++,55,/,5,49990.0,55990.0,5275,5569,-25,50
GREE,Console GEH18AAXF-K6DNA1A,ПАРАПЕТНИ/КОНЗОЛНИ,A++,55,"Самодијагностика, Интелигентен Дефрост, I-Feel, Плазма филтер, вградена WiFi контрола, 8°С греење, економичен мод, Турбо функција за брзо ладење/греење, 7 Fan брзини на дување, Quiet Fan брзина.",10,49990.0,61990.0,5200,5330,-22,43
CARRIER,Crystal Ultra Clean Plus 42QHG018D8SU2 / 38QHG018D8SU2,ИНВЕРТЕР СПЛИТ СИСТЕМ,A++,55,Фабрички вграден Wi-Fi Triple action filter,3,49990.0,61990.0,5280,5700,-15,50
GREE,AMBER NORDIC -30 GWH12YD-S6DBA2A,ИНВЕРТЕР СПЛИТ СИСТЕМ,A+++,45,"Aвтоматско работење, вентилатор, нормален мод за спиење, вертикална и хоризонтална авто нишалка, auto fan, тивок мод на работа, i-feel функција, интелигентно одмрзнување, auto restart, турбо, self дијагностика, превенција од ладен воздух, тајмер, турбо копче, intelligent auto restast, dehumidifying, 3D проток на воздух, two-stage compressor заклучување, lcd (back light), led, интелигентно предзагревање, штедење на енергија, режим на греење (8°C), турбо ладење, низок напон на стартување.",10,49990.0,65990.0,3530,4200,-30,52
HAIER,Console 09 AF25S2SD1FA/1U25S2SM1FA,ПАРАПЕТНИ/КОНЗОЛНИ,A++,25,"180° sine wave DC Inverter технологија со Intelligent Air
Super Quiet mode, Comfortable sleep mode, Turbo mode
3D Air flow, антипрашест филтер, функција на одвлажување, Греење во подот - долна зона, елегантен дизајн, тивка работа
Функција на самочистење и самодијагностицирање, Auto-restart, 24h тајмер, 56°C стерелизација.",3,50990.0,,2500,3000,-15,43
AUX,AUCO-H12/4DR3HA / AL-H12/NDR3HB2,ПАРАПЕТНИ/КОНЗОЛНИ,A++,35,"A++ / A+ висока енергетска класа при ладење / греење
избор за греење во подот - долна зона со ефект на подно греење или горна зона според потребите на корисникот
целосен филтрирачки систем со подолг период на филтрација
вграден WiFi уред за постојана контрола 
греач во када на надворешната единица против мрзнење
опсег на работа ладење – надворешна температура од 15 ÷ 52oC
опсег на работа греење – надворешна температура од -25 ÷ 24oC",5,51500.0,,3500,3500,-25,52
HISENSE,UNI PURE HB50BP0AG-AS50BP0EW,ИНВЕРТЕР СПЛИТ СИСТЕМ,A++,55,5 години гаранција на компресор ( 16.10.2025-31.10.2025 ) со регистрација на https,2,52990.0,59990.0,5000,5600,-22,43
HAIER,Console 12 AF35S2SD1FA/1U35S2SM1FA,ПАРАПЕТНИ/КОНЗОЛНИ,A++,35,"180° sine wave DC Inverter технологија со Intelligent Air Super Quiet mode, Comfortable sleep mode, Turbo mode 3D Air flow, антипрашест филтер, функција на одвлажување, Греење во подот - долна зона, елегантен дизајн, тивка работа Функција на самочистење и самодијагностицирање, Auto-restart, 24h тајмер, 56°C стерелизација.",3,52990.0,,3400,3500,-15,43
GREE,PULAR PREMIUM GWH24AGD-K6DNA1C,ИНВЕРТЕР СПЛИТ СИСТЕМ,A++,65,/,10,53990.0,61990.0,6200,6500,-15,43
GREE,Charmo Premium GWH24ATDXE-K6DNA1A,ИНВЕРТЕР СПЛИТ СИСТЕМ,A++,65,GREE компресор со магнети од ретки метали (Rare Earth Magnet) Функции,10,53990.0,,6200,6500,-15,43
MITSUBISHI,Heavy Standard  SRK35ZSP-W,ИНВЕРТЕР СПЛИТ СИСТЕМ,A++,35,Компактниот дизајн на ZSP серијата ги прави перфектини за мали простори како што се спални соби и детски соби.,3,54590.0,,3200,3600,-15,46
VIVAX,ACP-24CH70AEQIS R32,ИНВЕРТЕР СПЛИТ СИСТЕМ,A++,75,"Висока ефикасност, прикажување на самодијагноза, индикатор за истекување на гасот за разладување, 1W standby, турбо, заштита на вентил на надворешна единица, интелегентно отопување, 12 Fan Speed, безшумна опција, двосмерен одвод на кондензат, дигитален екран.",5,54990.0,59990.0,7034,7330,-15,50
FUJITSU,ASYG-12KMCE / AOYG-12KMCC,ИНВЕРТЕР СПЛИТ СИСТЕМ,A++,40,/,2,54990.0,,3400,4000,-15,46
VIVAX,ACP-24CH70AEMIS R32,ИНВЕРТЕР СПЛИТ СИСТЕМ,A++,75,"Висока ефикасност, самодијагноза, 1W standby, заштита на вентил надворешна единица, 12 Fan Speed, self cleaning, индикатор за истекување на гасот за разладување, безшумна операција, двосмерен одвод на кондензат, дигитален екран, sleep mode, тајмер, интелегентно отопување, memory функција, турбо, Wi-Fi ready.",5,54990.0,59990.0,7034,7330,-15,50
TOSHIBA,SEIYA CLASSIC 2 RAS-B16B2KVG-Е2 / RAS-16B2AVG-E2,ИНВЕРТЕР СПЛИТ СИСТЕМ,A++,50,"- A++ / А+ висока енергетска класа ладење /греење -Нова генерација на надворешна единица -DC Hybrid Inverter технологија -ULTRA FRESH филтер, функција самочистење со антипрашлест филтер -Исклучително тивка работа (дури до 19 dB) -Опција за Wi-Fi управување (со доплата)",3,54990.0,59990.0,4200,5000,-15,46
DAIKIN,SENSIRA FTXF25D/RXF25D,ИНВЕРТЕР СПЛИТ СИСТЕМ,A++,25,"Економичен режим, комфорт проток на воздух, моќен режим на работа, 24 часовен тајмер,беззвучна работа на внатрешната единица, онлајн контролер (опционално)- управување на внатрешната единица преку мобилна аплиакција од било каде, преку локална мрежа или интернет.",3,55450.0,,2500,2800,-15,46
HISENSE,EASY SMART CA70BT1AG-CA70BT1AW,ИНВЕРТЕР СПЛИТ СИСТЕМ,A++,70,5 години гаранција на компресор ( 16.10.2025-31.10.2025 ) со регистрација на https,2,55990.0,,6500,7100,-20,43
SAMSUNG,LUZON AR18TXHZAWKNEU/AR18TXHZAWKXEU,ИНВЕРТЕР СПЛИТ СИСТЕМ,A++,60,"* Функцијата AUTO CLEAN автоматски го стартува вентилаторот за отстранување на прашина и влага во разменувачот на топлина 
* EASY Filter Plus лоциран на надворешната страна , одозгора , така што лесно може да се извлече и исчисти",2,56240.0,62490.0,5000,6000,-15,46
CARRIER,XPower 42QZY012D8S/38QUS012D8S-1,ПАРАПЕТНИ/КОНЗОЛНИ,A++,40,-Функции,3,56990.0,,3700,4050,-15,50
VAILLANT,PRO VAIB1-050WN,ИНВЕРТЕР СПЛИТ СИСТЕМ,A++,55,/,2,56990.0,72990.0,5300,5600,-15,50
GREE,CLIVIA GWH18AUDXD-K6DNA1A White,ИНВЕРТЕР СПЛИТ СИСТЕМ,A++,55,Интертек сертификат,10,56990.0,59990.0,5300,5350,-25,50
VIVAX,ACP-18CT50AERI+ R32,ПАРАПЕТНИ/КОНЗОЛНИ,A++,55,"Двоен издувен воздух Подните сплит ситеми имаат издувни гасови на две страни за уште поефикасно загревање и ладење. Дефлекторите интелигентно го насочуваат ладниот воздух нагоре и топлиот воздух надолу, за брзо и ефикасно поставување на совршената температура без да дува воздух директно кон луѓето присутни во просторијата.",5,57990.0,,5000,4980,-20,50
GREE,CLIVIA GWH18AUDXD-K6DNA1A Blue,ИНВЕРТЕР СПЛИТ СИСТЕМ,A++,55,Интертек сертификат,10,57990.0,59990.0,5300,5350,-25,50
AUX,AUCA-H18/NDR3HY2A / AL-H18/NDR3HB2,КАСЕТНИ СПЛИТ СИСТЕМ,A++,55,"А++/А++ енергетска класа на ладење и греење
сите касетни единици имаат вградена пумпа за кондензат (1200mm) за голема флексибилност при монтажа 
рамномерна 4-страна дистрибуција на воздухот
опција за WiFi со доплата
twin rotary GMCC компресор
греач на компресор и во када на кондензатор против мрзнење
опсег на работа ладење – надворешна температура од -15 ÷ 52oC
опсег на работа греење – надворешна температура од -15 ÷ 24oC
гаранција 24 месеци",2,58500.0,,5280,5600,-15,52
BOSCH,CLIMATE 3200i 53 WE,ИНВЕРТЕР СПЛИТ СИСТЕМ,A++,55,"Добитник на Eurovent сертификат. Eurovent тестира и потврдува дека перформансите и техничките карактеристики на производите за климатизација се целосно усогласени со европските и светските стандарди. Eurovent Certification е светски лидер во сертификација од трети страни, со што обезбедува гаранција за перформансите на производот и гарантира дека сертифицираните производи ќе работат како што се рекламираат.",3,58900.0,63900.0,5600,5300,-20,50
VIVAX,ACP-12CC35AERI+ R32,КАСЕТНИ СПЛИТ СИСТЕМ,A++,35,"Посебно дизајниран 360° Air Flow панел, висока ефикасност, прикажување на самодијагноза, 1W standby, заштита на вентил на надворешна единица, греачи на компресор и кондензатор, пумпа за одвод на кондензот, memory функција, sleep mode, self cleaning, 12 Fan Speed, auto swing, жичен управувач.",5,58990.0,,3520,3810,-20,50
HAIER,FLEXIS AS50S2SF1FA/1U50S2SJFA,ИНВЕРТЕР СПЛИТ СИСТЕМ,A++,60,"A-PAM DC Inverter технологија со IntelligentAir, super Quiet mode, comfortable sleep mode - режими на работа, LED дисплеј во боја, Wi-Fi уред вклучен во цената, вграден Eco sensor, dry функција за одвлажување и можност за 3М Purify Filter, функција Clean Air за активно прочистување на воздухот од вируси, бактерии и прашина, функција на самочистење и самодијагностицирање, аuto-restart, Real Clock Timer.",3,58990.0,61990.0,5200,6000,-20,43
MITSUBISHI,Heavy Premium  SRK25ZS-W,ИНВЕРТЕР СПЛИТ СИСТЕМ,A+++,25,ZS серијата нуди елегантен безвремен дизајн кој што одлично се вклопува во мали и средни дневни соби.,3,59990.0,,2500,3200,-20,46
VIVAX,ACP-12CH35AEYIs R32,ИНВЕРТЕР СПЛИТ СИСТЕМ,A+++,45,"Висока ефикасност, јонизатор, ЕСО mode, 1W standby, детектор за движење, контрола за влажност на воздухот, самодијагноза, тајмер, безшумна опција, греач на компресор, греач на кондензатор, дигитален екран, интелигентно одмрзнување, 3D airflow, двосмерен одвод на кондензат, турбо, sleep mode, self cleaning, 12 Fan Speed, заштита на вентил надворешна единица, iFeel фунција, louver position memory function, turbo фунција, memory функција, комплетно вградена Wi-Fi функција!",5,59990.0,,3517,4250,-32,50
TOSHIBA,SUPER DAISEIKAI 9 RAS-10PKVPG-E,ИНВЕРТЕР СПЛИТ СИСТЕМ,A+++,30,"Најнова Toshiba TWIN ROTTARY компресорска технологија, 3D Air Flow, On-demand defrosting, плазма јонизирачки филтер, неделен и дневен тајмер, Colored LED (син/црвен) диспеј, нов систем на дување и тивка работа, EUROVENT серттификат за квалитет.",3,59990.0,89990.0,2500,3200,-15,46
TOSHIBA,SEIYA NEW RAS-B16E2KVG-Е / RAS-16E2AVG-E,ИНВЕРТЕР СПЛИТ СИСТЕМ,A++,50,"A++ висока енергетска класа ладење / греење • DC Hybrid Inverter технологија • ULTRA Fresh филтер, функција самочистење со антипрашест филтер • исклучително тивка работа (дури до 19 dB)",3,59990.0,69990.0,4200,5000,-15,46
VIVAX,ACP-12DT35AERI+ R32,КАНАЛНИ СИСТЕМИ,A++,35,/,5,59990.0,,3520,3810,-20,50
TOSHIBA,SEIYA RAS-B16J2KVG-E / RAS-16E2AVG-E,ИНВЕРТЕР СПЛИТ СИСТЕМ,A++,50,"DC Hybrid Inverter технологија, функција самочистење со антипрашлест филтер, опција за далечински управувач тип RB-RXS30-E со многу други дополнителни можности и функции (со доплата), EUROVENT серттификат за квалитет.",3,59990.0,64990.0,4200,5000,-15,46
GREE,SOYAL GWH12AKC-K6DNA1A,ИНВЕРТЕР СПЛИТ СИСТЕМ,A+++,45,/,10,59990.0,65990.0,3530,4200,-25,52
GREE,AIRY PRO White GWH18AVDXE-K6DNA1A,ИНВЕРТЕР СПЛИТ СИСТЕМ,A++,60,"Самодијагностика, Грее-AI технологија на самоучење, Паметно Одвлажнување, (HDT)-Хибридна Дефрост Технологија, Лимитатор на Моќноста на 50%, 75%, или 100%, вградена UV-C ламба за дезинфекција на бактерии и вируси,  Интелигентен Дефрост, I-Feel, Плазма филтер, вградена WiFi контрола, Греење од 8°С до 30°С греење, Eкономичен мод, Турбо функција за брзо ладење/греење, 7 Fan брзини на дување, Quiet Fan брзина, Aвтоматски вертикален и хоризонтален Swing.",10,59990.0,,5300,5600,-25,50
CARRIER,Legacy 42QHC022D8LS/38QHC022D8LS,ИНВЕРТЕР СПЛИТ СИСТЕМ,A++,55,"-3D DC Inverter Toshiba Carrier компресорска технологија.
-Функција Follow Me и Eco, Sleep, Silent режими на работа, Auto Defrosting.
-„5 action filter”– (HEPA, Cold Catalyst, PreFilter, Vitamin C, Anion филтер).
-Oпција за Wi-Fi управување (со доплата).",3,59990.0,69990.0,4200,5500,-15,46
GREE,S Nordic GWH18APAXH-K6DNA3A,ИНВЕРТЕР СПЛИТ СИСТЕМ,A++,60,"Eлектронски експанзионен вентил, Грејач против замрзнување на кондензот, Двореден изменувач.
 Функции",10,59990.0,69990.0,5300,5600,-30,43
CARRIER,Crystal Ultra Clean Plus 42QHG024D8SU2 / 38QHG024D8SU2,ИНВЕРТЕР СПЛИТ СИСТЕМ,A++,75,Фабрички вграден Wi-Fi Triple action filter,3,59990.0,73990.0,7040,7500,-15,50
DAIKIN,SENSIRA FTXF35D/RXF35D,ИНВЕРТЕР СПЛИТ СИСТЕМ,A++,35,"Економичен режим, комфорт проток на воздух, моќен режим на работа, 24 часовен тајмер,беззвучна работа на внатрешната единица, онлајн контролер (опционално)- управување на внатрешната единица преку мобилна аплиакција од било каде, преку локална мрежа или интернет.",3,60800.0,,3300,3500,-15,46
HISENSE,WINGS PRO KB70BT1EG-KB70BT1EW,ИНВЕРТЕР СПЛИТ СИСТЕМ,A++,70,5 години гаранција на компресор ( 16.10.2025-31.10.2025 ) со регистрација на https,2,60990.0,,6500,7100,-20,43
GREE,AIRY PRO Silver GWH18AVDXE-K6DNA1A,ИНВЕРТЕР СПЛИТ СИСТЕМ,A++,60,"Самодијагностика, Грее-AI технологија на самоучење, Паметно Одвлажнување, (HDT)-Хибридна Дефрост Технологија, Лимитатор на Моќноста на 50%, 75%, или 100%, вградена UV-C ламба за дезинфекција на бактерии и вируси,  Интелигентен Дефрост, I-Feel, Плазма филтер, вградена WiFi контрола, Греење од 8°С до 30°С греење, Економичен мод, Турбо функција за брзо ладење/греење, 7 Fan брзини на дување, Quiet Fan брзина, Aвтоматски вертикален и хоризонтален Swing.",10,60990.0,,5300,5600,-25,50
GREE,AIRY PRO Black GWH18AVDXE-K6DNA1A,ИНВЕРТЕР СПЛИТ СИСТЕМ,A++,60,"Самодијагностика, Грее-AI технологија на самоучење, Паметно Одвлажнување, (HDT)-Хибридна Дефрост Технологија, Лимитатор на Моќноста на 50%, 75%, или 100%, вградена UV-C ламба за дезинфекција на бактерии и вируси,  Интелигентен Дефрост, I-Feel, Плазма филтер, вградена WiFi контрола, Греење од 8°С до 30°С греење, Економичен мод, Турбо функција за брзо ладење/греење, 7 Fan брзини на дување, Quiet Fan брзина, Aвтоматски вертикален и хоризонтален Swing.",10,60990.0,,5300,5600,-25,50
GREE,AIRY PRO Gold GWH18AVDXE-K6DNA1A,ИНВЕРТЕР СПЛИТ СИСТЕМ,A++,55,"Самодијагностика, Грее-AI технологија на самоучење, Паметно Одвлажнување, (HDT)-Хибридна Дефрост Технологија, Лимитатор на Моќноста на 50%, 75%, или 100%, вградена UV-C ламба за дезинфекција на бактерии и вируси, Интелигентен Дефрост, I-Feel, Плазма филтер, вградена WiFi контрола, Греење од 8°С до 30°С греење, Eкономичен мод, Турбо функција за брзо ладење/греење, 7 Fan брзини на дување, Quiet Fan брзина, Aвтоматски вертикален и хоризонтален Swing.",10,60990.0,,5300,5600,-25,50
AUX,AUCO-H18/4DR3HA / AL-H18/NDR3HB2,ПАРАПЕТНИ/КОНЗОЛНИ,A++,55,"A++ / A+ висока енергетска класа при ладење / греење
избор за греење во подот - долна зона со ефект на подно греење или горна зона според потребите на корисникот
целосен филтрирачки систем со подолг период на филтрација
вграден WiFi уред за постојана контрола 
греач во када на надворешната единица против мрзнење
опсег на работа ладење – надворешна температура од 15 ÷ 52oC
опсег на работа греење – надворешна температура од -25 ÷ 24oC",5,61500.0,,4700,5000,-25,52
GREE,SOYAL GWH12AKC-K6DNA1A/I Gold,ИНВЕРТЕР СПЛИТ СИСТЕМ,A+++,45,/,10,61990.0,67990.0,3530,4200,-25,52
VIVAX,ACP-24CH70AERI+ R32,ИНВЕРТЕР СПЛИТ СИСТЕМ,A++,75,/,5,61990.0,65990.0,7034,7327,-20,50
CARRIER,Extreme 2 38QHG018D8SE / 42QHG018D8SE,ИНВЕРТЕР СПЛИТ СИСТЕМ,A++,55,"Интегриран грејач на надворешна единица за заштита од
замрзнување.Pre Filter, Cold Catalyst, Vitamin C, Ionizer – филтрирачки систем.Вклученa UV lamp, Green Fin (9, 12).Функции Breeze Away, Follow Me, Turbo, X-Eco, Sleep и Quie.Golden Fin – антикорозивен, антибактериски слој врз топлинскиот изменувач.Wi-Fi уред вклучен во цената, Eurovent сертификат.Функција на самодијагностицирање, Auto Defrosting, Auto Restart, 24h тајмер",3,61990.0,66990.0,5280,5700,-20,50
SAMSUNG,CEBU AR18TXFYAWKNEU/AR18TXFYAWKXEU,ИНВЕРТЕР СПЛИТ СИСТЕМ,A++,60,"* Функцијата на вештачка интелегенција ( AI ) го анализира и помни начинот на употреба на единицата на корисникот и автоматски го користи режимот кој најмногу одговара на тековната сотојба , земајќи во предвид внатрешната и надворешната температура , посакуваната температура и времето на работа.
* Интегриран WI-FI",2,63890.0,70990.0,5000,6000,-15,46
HISENSE,UNI PURE HB70KW0AG-AS70KW0EW,ИНВЕРТЕР СПЛИТ СИСТЕМ,A++,75,5 години гаранција на компресор ( 16.10.2025-31.10.2025 ) со регистрација на https,2,63990.0,69990.0,7000,6700,-22,43
GREE,Charmo Arctic PRO II GWH24ATEXF-K6DNA4A,ИНВЕРТЕР СПЛИТ СИСТЕМ,A++,80,Функции,10,63990.0,69990.0,7100,7800,-25,50
TOSHIBA,SHORAI EDGE RAS-B10J2KVSG-E / RAS-10J2AVSG-E,ИНВЕРТЕР СПЛИТ СИСТЕМ,A+++,30,"Функција самочистење со антипрашлест филтер,опција за IAQ антибактериски филтрирачки систем,опција за Wi-Fi управување",3,63990.0,68990.0,2500,3200,-15,46
TOSHIBA,SEIYA CLASSIC 2 RAS-B18B2KVG-Е2 / RAS-18B2AVG-E2,ИНВЕРТЕР СПЛИТ СИСТЕМ,A++,60,"- A++ / А+ висока енергетска класа ладење /греење -Нова генерација на надворешна единица -DC Hybrid Inverter технологија -ULTRA FRESH филтер, функција самочистење со антипрашлест филтер -Исклучително тивка работа (дури до 19 dB) -Опција за Wi-Fi управување (со доплата)",3,63990.0,71990.0,5000,5400,-15,46
CARRIER,Platinum Plus 38QHP09E8S-1 / 42QHP09E8S-1,ИНВЕРТЕР СПЛИТ СИСТЕМ,A+++,25,"А+++ / A+++ висока енергетска класа на ладење / греење,
Функции Breeze Away, Follow Me, Turbo, X-Eco, Sleep и Quiet,
Ниско ниво на бучава и “3D Air Flow ” пониска функција на протокот на воздух,
Golden Fin – антикорозивен, антибактериски слој врз топлинскиот изменувач,
Wi-Fi уред вклучен во цената, Eurovent сертификат,
Интегриран грејач на надворешна единица за заштита од
замрзнување,
Функција на самочистење, Auto Defrosting, Auto Restart,        
 24h тајмер,
Опсег на работа ладење / греење при надвор. темп. од -15 ÷ 50 oC/ -25 ÷ 24 oC.",3,64590.0,70590.0,2640,4200,-25,46
HAIER,Pearl Premium AS71PEPHRA-PRE / 1U71WEPFRA-H,ИНВЕРТЕР СПЛИТ СИСТЕМ,A++,80,"twin rotary inverter компресор
Фабрички вграден Wi-Fi easy pairing, PID Control, Гласовна контрола
3 степени на ECO mode за заштеда на енергија
Super Quiet mode, Comfortable Sleep mode
UVC функција, Антибактериски филтер, Frost-Clean
Функција на самочистење и самодијагностицирање, 56oC steril clean, Auto-restart, 24hтајмер
опсег на работа ладење – надворешна температура од -20 ÷ 43oC
опсег на работа греење – надворешна температура од -20 ÷ 24oC",3,64990.0,72990.0,7100,7400,-20,43
HAIER,TUNDRA PLUS AS68TEDHRA-THC/1U68RENFRA-C,ИНВЕРТЕР СПЛИТ СИСТЕМ,A++,80,"180° sine wave DC Inverter технологија со IntelligentAir, Super Quiet mode, Comfortable sleep mode - режими на работа , Eurovent сертификат, можност за Wi-Fi управување, функција на самочистење и самодијагностицирање, Auto-restart, 24hтајмер.",3,64990.0,72990.0,7000,8100,-15,43
HITACHI,RAK-DJ50PHAE/RAC-DJ50PHAE,ИНВЕРТЕР СПЛИТ СИСТЕМ,A++,60,/,2,64990.0,71990.0,5000,6000,-15,50
SAMSUNG,NORDIC AIRISE AR12TXFZBWKNEE,ИНВЕРТЕР СПЛИТ СИСТЕМ,A+,45,"* Греење и до -30℃ надворешна температура
* Функцијата на вештачка интелегенција ( AI ) го анализира и помни начинот на употреба на единицата на корисникот и автоматски го користи режимот кој најмногу одговара на тековната сотојба , земајќи во предвид внатрешната и надворешната температура , посакуваната температура и времето на работа.
* Интегриран WI-FI",2,65690.0,72990.0,4000,5000,-30,46
TOSOT,MUSE EXTREME LCLH TWH24AFE-K6DNA5I,ИНВЕРТЕР СПЛИТ СИСТЕМ,A++,75,"Произведено од GREE. Самодијагноза, Интелегентно отопување, Аuto restart, I Feel фунција, Нормален Sleep Mode,Тајмер, Турбо.",3,65990.0,77990.0,7100,7800,-25,50
HAIER,Console AF42S2SD1FA/1U42S2SM1FA,ПАРАПЕТНИ/КОНЗОЛНИ,A++,45,"180° sine wave DC Inverter технологија со Intelligent Air Super Quiet mode, Comfortable sleep mode, Turbo mode 3D Air flow, антипрашест филтер, функција на одвлажување, Греење во подот - долна зона, елегантен дизајн, тивка работа Функција на самочистење и самодијагностицирање, Auto-restart, 24h тајмер, 56°C стерелизација.",3,65990.0,,4200,4700,-15,43
TOSHIBA,SHORAI EDGE RAS-B13J2KVSG-E / RAS-13J2AVSG-E,ИНВЕРТЕР СПЛИТ СИСТЕМ,A+++,40,"ULTRA Pure филтер,  функција самочистење со антипрашлест
филтер, опција за IAQ антибактериски филтрирачки систем  
опција за Wi-Fi управување",3,65990.0,70990.0,3500,4200,-15,46
TOSHIBA,NEW SHORAI EDGE RAS-B13G3KVSG-E/RAS-13J2AVSG-E1,ИНВЕРТЕР СПЛИТ СИСТЕМ,A+++,40,"Најнова Toshiba TWIN ROTARY компресорска технологија, DC хибрид инвертер технологија, Вградена WiFi контрола со следење на потрошувачка на ел.енергија, Ниво на бучава до 19(dB), Дизајнерски далечински управувач, ECO mode, Quite mode, Hi Power, 3D Air Flow, ULTRA Pure филтер - најефикасен филтер за прашина во фамилијата на производи од Toshiba",3,65990.0,78990.0,3500,4200,-15,46
TOSHIBA,HAORI RAS-B10N4KVRG-E / RAS-10J2AVSG-E1,ИНВЕРТЕР СПЛИТ СИСТЕМ,A+++,30,"•	најнова Toshiba ROTARY компресорска технологија 
•	Фабрички вграден Wi-Fi уред, “on-off” тајмер и неделен тајмер
•	тивка работа на внатрешна единица (дури до 19 dB)
•	Повеќе текстилни дизајни на внатрешна единица (стандардни",3,68990.0,73990.0,2500,3200,-15,46
BOSCH,CLIMATE 4000i 52 WE,ИНВЕРТЕР СПЛИТ СИСТЕМ,A++,55,"- Греач на компресор и греач во садот за кондензат - I-clean’ функција, го загрева воздухот во испарувачот до 56 °C и на тој начин ги отстранува штетните бактерии - ‘Wind avoid me’, избегнете воздухот да дува директно врз вас - ‘Follow me’ преку сензор во далечинскиот управувач ја мери температурата во областа каде се наоѓа далечинскиот управувач - ‘Gear’ режим, за заштеда на енергија, можни се три брзини на вентилаторот - ‘8°C heating’ mode, заштита од смрзнување внатре во просторијата, одржувајќи температура од +8°C - Работа во режим на ладење при ниски надворешни температури (на пр. во сервер соби)",3,69900.0,78900.0,5200,5400,-21,50
MITSUBISHI,Heavy Premium  SRK35ZS-W,ИНВЕРТЕР СПЛИТ СИСТЕМ,A+++,35,ZS серијата нуди елегантен безвремен дизајн кој што одлично се вклопува во мали и средни дневни соби.,3,69990.0,,3500,4000,-15,46
TOSOT,Nordic Pro TWH18YE-S6DBA2B,ИНВЕРТЕР СПЛИТ СИСТЕМ,A++,65,"Произведено од GREE. Самодијагноза, Интелегентно отопување, Аuto restart, I Feel фунција, Нормален Sleep Mode,Тајмер, Турбо.",3,69990.0,83990.0,5300,6200,-30,52
CARRIER,Platinum Plus 38QHP12E8S-1 / 42QHP12E8S-1,ИНВЕРТЕР СПЛИТ СИСТЕМ,A+++,35,"А+++ / A+++ висока енергетска класа на ладење / греење,
Функции Breeze Away, Follow Me, Turbo, X-Eco, Sleep и Quiet, Ниско ниво на бучава и “3D Air Flow ” пониска функција на протокот на воздух,
Golden Fin – антикорозивен, антибактериски слој врз топлинскиот изменувач,
Wi-Fi уред вклучен во цената, Eurovent сертификат,
Интегриран грејач на надворешна единица за заштита од
замрзнување,
Функција на самочистење, Auto Defrosting, Auto Restart, 24h тајмер,
Опсег на работа ладење / греење при надвор. темп. од -15 ÷ 50 oC/ -25 ÷ 24 oC.",3,69990.0,75990.0,3520,4200,-25,46
GREE,SOYAL GWH18AKC-K6DNA1A/I,ИНВЕРТЕР СПЛИТ СИСТЕМ,A++,60,/,10,69990.0,75990.0,5300,5600,-25,52
GREE,AMBER NORDIC -30 GWH18YE-S6DBA2B,ИНВЕРТЕР СПЛИТ СИСТЕМ,A++,65,"Aвтоматско работење, вентилатор, нормален мод за спиење, вертикална и хоризонтална авто нишалка, auto fan, тивок мод на работа, i-feel функција, интелигентно одмрзнување, auto restart, турбо, self дијагностика, превенција од ладен воздух, тајмер, турбо копче, intelligent auto restast, dehumidifying, 3D проток на воздух, two-stage compressor заклучување, lcd (back light), led, интелигентно предзагревање, штедење на енергија, режим на греење (8°C), турбо ладење, низок напон на стартување.",10,69990.0,85990.0,5300,6200,-30,52
VIVAX,ACP-18CC50AERI+ R32,КАСЕТНИ СПЛИТ СИСТЕМ,A++,55,"Посебно дизајниран 360° Air Flow панел, дополнителен жичен управувач, висока ефикасност, прикажување на самодијагноза, 1W standby, заштита на вентил на надворешна единица, греачи на компресор и кондензатор, пумпа за одвод на кондензот, memory функција, sleep mode, self cleaning, 12 Fan Speed, auto swing.",5,70990.0,,5280,5570,-20,50
SAMSUNG,WIND FREE COMFORT  AR18TXFCAWKNEU/AR18TXFCAWKXEU,ИНВЕРТЕР СПЛИТ СИСТЕМ,A++,60,"* Опцијата WindFree го неутрализира директниот нацрт благодарение на 21 000 микро дупки .
* Функцијата на вештачка интелегенција ( AI ) го анализира и помни начинот на употреба на единицата на корисникот и автоматски го користи режимот кој најмногу одговара на тековната сотојба , земајќи во предвид внатрешната и надворешната температура , посакуваната температура и времето на работа.
* Интегриран WI-FI",2,71090.0,78990.0,5000,6000,-15,46
FUJITSU,ASYG-14KMCF / ASYG-14KMCF,ИНВЕРТЕР СПЛИТ СИСТЕМ,A++,40,/,2,71690.0,,4200,5400,-15,46
CARRIER,XPower 42QZY018D8S/38QUS018D8S-1,ПАРАПЕТНИ/КОНЗОЛНИ,A++,55,-Функции,3,71990.0,,4900,5200,-15,50
DAIKIN,SENSIRA FTXF42D/RXF42D,ИНВЕРТЕР СПЛИТ СИСТЕМ,A++,40,"Економичен режим, комфорт проток на воздух, моќен режим на работа, 24 часовен тајмер,беззвучна работа на внатрешната единица, онлајн контролер (опционално)- управување на внатрешната единица преку мобилна аплиакција од било каде, преку локална мрежа или интернет.",3,72800.0,,4200,4600,-15,46
SAMSUNG,LUZON AR24TXHZAWKNEU/WKXEU,ИНВЕРТЕР СПЛИТ СИСТЕМ,A++,70,"* Функцијата AUTO CLEAN автоматски го стартува вентилаторот за отстранување на прашина и влага во разменувачот на топлина * EASY Filter Plus лоциран на надворешната страна , одозгора , така што лесно може да се извлече и исчисти",2,74690.0,82990.0,6500,7400,-15,46
VIVAX,ACP-18CF50AERI+ R32,ПАРАПЕТНИ/КОНЗОЛНИ,A++,60,"Дополнителен жичен управувач, висока ефикасност, прикажување на самодијагноза, 1 W standby, заштита на вентил надворешна средина, опсег на оперативно работно греење (-15 °C), опсег на оперативно работно ладење (-15 °C), 12 fan speed.",5,74990.0,,5280,5570,-20,50
TOSHIBA,SHORAI EDGE RAS-B16J2KVSG-E / RAS-16J2AVSG-E,ИНВЕРТЕР СПЛИТ СИСТЕМ,A++,55,"ECO mode, Quite mode, Hi Power, 3D Air Flow                 
ULTRA Pure филтер,  функција самочистење со антипрашлест
филтер, опција за IAQ антибактериски филтрирачки систем  
опција за Wi-Fi управување",3,74990.0,80990.0,4600,5500,-15,46
MITSUBISHI,Heavy Standard  SRK45ZSP-W,ИНВЕРТЕР СПЛИТ СИСТЕМ,A++,50,Компактниот дизајн на ZSP серијата ги прави перфектини за мали простори како што се спални соби и детски соби.,3,75490.0,,4500,5000,-15,46
CARRIER,Extreme 2 38QHG024D8SE / 42QHG024D8SE,ИНВЕРТЕР СПЛИТ СИСТЕМ,A++,80,"Интегриран грејач на надворешна единица за заштита од
замрзнување.Pre Filter, Cold Catalyst, Vitamin C, Ionizer – филтрирачки систем.Вклученa UV lamp, Green Fin (9, 12).Функции Breeze Away, Follow Me, Turbo, X-Eco, Sleep и Quie.Golden Fin – антикорозивен, антибактериски слој врз топлинскиот изменувач.Wi-Fi уред вклучен во цената, Eurovent сертификат.Функција на самодијагностицирање, Auto Defrosting, Auto Restart, 24h тајмер",3,75990.0,79990.0,7040,7500,-20,50
FUJITSU,ASYG-18KLCA / AOYG-18KLTA,ИНВЕРТЕР СПЛИТ СИСТЕМ,A++,60,/,2,75990.0,,5200,6300,-15,46
TOSHIBA,SEIYA CLASSIC 2 RAS-B24B2KVG-Е2 / RAS-24B2AVG-E2,ИНВЕРТЕР СПЛИТ СИСТЕМ,A++,70,"- A++ / А+ висока енергетска класа ладење /греење -Нова генерација на надворешна единица -DC Hybrid Inverter технологија -ULTRA FRESH филтер, функција самочистење со антипрашлест филтер -Исклучително тивка работа (дури до 19 dB) -Опција за Wi-Fi управување (со доплата) -Најнова Toshiba ROTARY (twin rotary за 24 модел) компресорска технологија",3,75990.0,82990.0,6500,7000,-15,46
GREE,FAIRY PREMIUM GWH24ACE-K6DNA1I,ИНВЕРТЕР СПЛИТ СИСТЕМ,A++,75,"SMART DC Инвертер со G10 технологија, патент на ГРЕЕ GREE компресор со магнети од ретки метали (Rare Earth Magnet) Двореден топлински изменувач во надворешната единица EEV – Eлектронски експанзионен вентил, Грејач за одмрзнување на кондензат Функции",10,76990.0,79990.0,7100,7800,-25,50
AUX,ALCA-H18/NDR3HAA INVERTER,КАСЕТНИ СПЛИТ СИСТЕМ,A++,55,/,2,76990.0,,5000,5600,-15,52
TOSHIBA,SEIYA NEW RAS-18JEKVG-Е / RAS-18E2AVG-E,ИНВЕРТЕР СПЛИТ СИСТЕМ,A++,60,"A++ висока енергетска класа ладење / греење • DC Hybrid Inverter технологија • ULTRA Fresh филтер, функција самочистење со антипрашест филтер • исклучително тивка работа (дури до 19 dB",3,76990.0,82990.0,5000,5400,-15,46
VAILLANT,PRO VAIB1-065WN,ИНВЕРТЕР СПЛИТ СИСТЕМ,A++,75,/,2,76990.0,83990.0,7100,7800,-15,50
BOSCH,CLIMATE 2000 70 WE,ИНВЕРТЕР СПЛИТ СИСТЕМ,A++,75,"- Внатрешната единица може да работи исклучително тивко со ниво на бучавост од само 21 dB(A)
- Филтрите со висока густина и филтрите со ладен катализатор ја отстрануваат прашината и поленот од просторијата до 80%
- Комбинацијата на вертикални и хоризонтални перки за вентилација обезбедува рамномерна распределба на протокот на воздух",3,77900.0,,7000,7300,-15,50
VIVAX,ACP-18DT50AERI+ R32,КАНАЛНИ СИСТЕМИ,A++,55,/,5,77990.0,,5280,5570,-20,50
TOSHIBA,HAORI RAS-B13N4KVRG-E / RAS-13J2AVSG-E1,ИНВЕРТЕР СПЛИТ СИСТЕМ,A+++,40,"•	најнова Toshiba ROTARY компресорска технологија 
•	Фабрички вграден Wi-Fi уред, “on-off” тајмер и неделен тајмер
•	тивка работа на внатрешна единица (дури до 19 dB)
•	Повеќе текстилни дизајни на внатрешна единица (стандардни",3,78990.0,83990.0,3500,4200,-15,46
GREE,AMBER PREMIUM+ GWH24YEXF-K6DNA1D,ИНВЕРТЕР СПЛИТ СИСТЕМ,A++,80,"SMART DC Инвертер со G10 технологија, патент на ГРЕЕ GREE компресор со магнети од ретки метали (Rare Earth Magnet) EEV – Eлектронски експанзионен вентил, Грејач на тацна за одмрзнување на кондензат Функции",10,79990.0,,7100,7800,-25,50
MITSUBISHI,Heavy Standard SRK50ZSP-W,ИНВЕРТЕР СПЛИТ СИСТЕМ,A++,50,Компактниот дизајн на ZSP серијата ги прави перфектини за мали простори како што се спални соби и детски соби.,3,80990.0,,5000,5600,-15,46
FUJITSU,ASYG-18KMTE / AOYG18KMTA,ИНВЕРТЕР СПЛИТ СИСТЕМ,A++,60,/,2,83690.0,,5200,6300,-15,46
DAIKIN,SENSIRA FTXF50F/RXF50F,ИНВЕРТЕР СПЛИТ СИСТЕМ,A++,60,"Економичен режим, комфорт проток на воздух, моќен режим на работа, 24 часовен тајмер,беззвучна работа на внатрешната единица, онлајн контролер (опционално)- управување на внатрешната единица преку мобилна аплиакција од било каде, преку локална мрежа или интернет.",3,84500.0,,5000,6000,-15,46
BOSCH,CLIMATE 3200i 70 WE,ИНВЕРТЕР СПЛИТ СИСТЕМ,A++,75,"Добитник на Eurovent сертификат. Eurovent тестира и потврдува дека перформансите и техничките карактеристики на производите за климатизација се целосно усогласени со европските и светските стандарди. Eurovent Certification е светски лидер во сертификација од трети страни, со што обезбедува гаранција за перформансите на производот и гарантира дека сертифицираните производи ќе работат како што се рекламираат.",3,84900.0,88900.0,7000,7300,-20,50
TOSHIBA,Bi-Flow RAS-B10J2FVG-E/RAS-10J2AVSG-E,ПАРАПЕТНИ/КОНЗОЛНИ,A++,30,"Греење во подот - долна зона, елегантен дизајн, тивка работа, ефикасен Pure-Flow и IAQ филтрирачки систем, функција на самочистење, EUROVENT сертификат за квалитет.",3,84990.0,,2500,3200,-15,46
TOSHIBA,SUZUMI PLUS RAS-B22PKVSG-E/RAS-22J2AVSG-E,ИНВЕРТЕР СПЛИТ СИСТЕМ,A++,70,"Најнова Toshiba TWIN ROTARY компресорска технологија нова генерација на надворешна единица, ON-DEMAND Defrost – избор на defrost/заштита од замрзнување преку далечинскo, Comfort Sleep, Quiet mode, Hi Power mode, IAQ антибактериски филтрирачки систем, функција самочистење со антипрашест филтер, можност за WiFi поврзување (со дополнителен WiFi стик 7000денари), Внатрешна единица Suzumi Plus и Надворешна единица Shorai Edge.",3,84990.0,99990.0,6100,7000,-15,46
CARRIER,Inverter XPower 42QTD018R8S / 38QUS018R8S,КАСЕТНИ СПЛИТ СИСТЕМ,A++,60,"Најнова DC Hybrid inverter технологија со twin-rotary компресор, 40% заштеда на енергија во споредба со стандарден клима уред, вградена пумпа за кондензна вода, автоматски рестарт по прекин на струја, ултратенок дизајн (205mm висина) за едноставна инсталација и одржување, четиристран панел со 360° еднаква распределба на воздухот, ниско ниво на бучава, зголемен проток и ефикасност на топлинска размена, со најнова 3Д спирална технологија на вентилатор на внатрешна единица, стандарден отвор за довод на свеж воздух.",3,86490.0,,5200,5500,-15,50
TOSHIBA,SHORAI EDGE RAS-18J2KVSG-E / RAS-18J2AVSG-E,ИНВЕРТЕР СПЛИТ СИСТЕМ,A++,60,"Најнова Toshiba TWIN ROTTARY компресорска технологија ECO mode, Quite mode, Hi Power, 3D Air Flow ULTRA Pure филтер, функција самочистење со антипрашлест филтер, опција за IAQ антибактериски филтрирачки систем опција за Wi-Fi управување",3,86990.0,92990.0,5000,6000,-15,46
MITSUBISHI,Heavy Diamond SRK/SRC 20 ZSX-W,ИНВЕРТЕР СПЛИТ СИСТЕМ,A+++,20,"• Елегантен безвременски дизајн.
• Висока сезонска ефикасност до A+++ во ладење и греење.
• Тивок проток на воздух и долг дофат се постигнуваат со млазна технологија.
• Операцијата за чистење на алергени го прочистува воздухот, користејќи шема за контрола во сопственост само на Mitsubishi Heavy Industries Thermal Systems.
• Безжична контрола на интерфејсот (опционално).",3,87990.0,,2000,2700,-20,46
VIVAX,ACP-24DT70AERI+ R32,КАНАЛНИ СИСТЕМИ,A++,75,/,5,87990.0,,7030,7620,-20,50
VIVAX,ACP-24CF70AERI+ R32,ПАРАПЕТНИ/КОНЗОЛНИ,A++,80,"Дополнителен жичен управувач, висока ефикасност, прикажување на самодијагноза, 1 W standby, заштита на вентил надворешна средина, опсег на оперативно работно греење (-15 °C), опсег на оперативно работно ладење (-15 °C), 12 fan speed.",5,87990.0,,7030,7620,-20,50
TOSHIBA,HAORI RAS-B16N4KVRG-E / RAS-16J2AVSG-E1,ИНВЕРТЕР СПЛИТ СИСТЕМ,A++,55,"•	Фабрички вграден Wi-Fi уред, “on-off” тајмер и неделен тајмер
•	тивка работа на внатрешна единица (дури до 19 dB)
•	Повеќе текстилни дизајни на внатрешна единица (стандардни",3,88990.0,93990.0,4600,5500,-15,46
MITSUBISHI,Heavy SRF/SRC 25 ZSX-W2,ПАРАПЕТНИ/КОНЗОЛНИ,A++,25,"• Елегантниот полурамен преден панел во стилска бела боја, одговара на различни видови простории и создава релаксирачка атмосфера.
• Достапен е избор помеѓу поставување на ѕид, на под или зад галерија.
• Низок потенцијал за глобално затоплување (GWP) и висока енергетска ефикасност со новиот фреон R32.
• Тивко работење. Нивото на 25ZS-W во режимот на ладење Ulo е само 25dB(A).
• „Системот за контрола на крилцата“ им овозможува на корисниците да ги менуваат аглите и позициите на крилцата според нивните преференции. Крилцата може да се постават на различни агли.",3,89600.0,,2500,2900,-15,46
GREE,AMBER NORDIC GWH24YE-S6DBA2A,ИНВЕРТЕР СПЛИТ СИСТЕМ,A++,80,"Aвтоматско работење, вентилатор, нормален мод за спиење, вертикална и хоризонтална авто нишалка, auto fan, тивок мод на работа, i-feel функција, интелигентно одмрзнување, auto restart, турбо, self дијагностика, превенција од ладен воздух, тајмер, турбо копче, intelligent auto restast, dehumidifying, 3D проток на воздух, two-stage compressor заклучување, lcd (back light), led, интелигентно предзагревање, штедење на енергија, режим на греење (8°C), турбо ладење, низок напон на стартување.",10,89990.0,95990.0,7034,7034,-30,54
TOSHIBA,SEIYA NEW RAS-24E2KVG-Е / RAS-24E2AVG-E,ИНВЕРТЕР СПЛИТ СИСТЕМ,A++,75,"A++ висока енергетска класа ладење / греење • DC Hybrid Inverter технологија • ULTRA Fresh филтер, функција самочистење со антипрашест филтер • исклучително тивка работа (дури до 19 dB",3,90990.0,96990.0,6500,7000,-15,46
TOSHIBA,Bi-Flow RAS-B13J2FVG-E/RAS-13J2AVSG-E,ПАРАПЕТНИ/КОНЗОЛНИ,A++,40,"Греење во подот - долна зона, елегантен дизајн, тивка работа, ефикасен Pure-Flow и IAQ филтрирачки систем, функција на самочистење, EUROVENT сертификат за квалитет.",3,92990.0,,3500,4200,-15,46
MITSUBISHI,Heavy Premium SRK50ZS-W,ИНВЕРТЕР СПЛИТ СИСТЕМ,A++,55,ZS серијата нуди елегантен безвремен дизајн кој што одлично се вклопува во мали и средни дневни соби.,3,93700.0,,5000,5800,-20,46
TOSHIBA,SHORAI EDGE RAS-B22J2KVSG-E / RAS-22J2AVSG-E,ИНВЕРТЕР СПЛИТ СИСТЕМ,A++,70,"Најнова Toshiba TWIN ROTTARY компресорска технологија ECO mode, Quite mode, Hi Power, 3D Air Flow ULTRA Pure филтер, функција самочистење со антипрашлест филтер, опција за IAQ антибактериски филтрирачки систем опција за Wi-Fi управување",3,93990.0,100990.0,6100,7000,-15,46
VIVAX,ACP-24CC70AERI+ R32,КАСЕТНИ СПЛИТ СИСТЕМ,A++,70,"Посебно дизајниран 360° Air Flow панел, дополнителен жичен управувач, висока ефикасност, прикажување на самодијагноза, 1W standby, заштита на вентил на надворешна единица, греачи на компресор и кондензатор, пумпа за одвод на кондензот, memory функција, sleep mode, self cleaning, 12 Fan Speed, auto swing.",5,94990.0,,7030,7620,-20,50
AUX,ASF-H24A4/AHAR1DI-EU INVERTER,САМОСТОЕЧКИ,A++,80,/,2,95000.0,,7034,7034,-15,46
DAIKIN,SENSIRA FTXF60F/RXF60F,ИНВЕРТЕР СПЛИТ СИСТЕМ,A++,70,"Економичен режим, комфорт проток на воздух, моќен режим на работа, 24 часовен тајмер,беззвучна работа на внатрешната единица, онлајн контролер (опционално)- управување на внатрешната единица преку мобилна аплиакција од било каде, преку локална мрежа или интернет.",3,96900.0,,6000,6400,-15,46
AUX,ALCA-H24/NDR3HAA INVERTER,КАСЕТНИ СПЛИТ СИСТЕМ,A++,80,/,2,96990.0,,7000,8000,-15,52
MITSUBISHI,Heavy SRF/SRC 35 ZSX-W2,ПАРАПЕТНИ/КОНЗОЛНИ,A++,35,"• Елегантниот полурамен преден панел во стилска бела боја, одговара на различни видови простории и создава релаксирачка атмосфера. • Достапен е избор помеѓу поставување на ѕид, на под или зад галерија. • Низок потенцијал за глобално затоплување (GWP) и висока енергетска ефикасност со новиот фреон R32. • Тивко работење. Нивото на 25ZS-W во режимот на ладење Ulo е само 25dB(A). • „Системот за контрола на крилцата“ им овозможува на корисниците да ги менуваат аглите и позициите на крилцата според нивните преференции. Крилцата може да се постават на различни агли.",3,97890.0,,3500,4500,-15,46
MITSUBISHI,Heavy Diamond SRK/SRC 25 ZSX-W,ИНВЕРТЕР СПЛИТ СИСТЕМ,A+++,25,"• Елегантен безвременски дизајн.
• Висока сезонска ефикасност до A+++ во ладење и греење.
• Тивок проток на воздух и долг дофат се постигнуваат со млазна технологија.
• Операцијата за чистење на алергени го прочистува воздухот, користејќи шема за контрола во сопственост само на Mitsubishi Heavy Industries Thermal Systems.
• Безжична контрола на интерфејсот (опционално).",3,97990.0,,2500,3200,-20,46
TOSHIBA,SUPER DAISEIKAI 9 RAS-13PKVPG-Е,ИНВЕРТЕР СПЛИТ СИСТЕМ,A+++,45,"Најнова Toshiba TWIN ROTTARY компресорска технологија, 3D Air Flow, On-demand defrosting, плазма јонизирачки филтер, неделен и дневен тајмер, Colored LED (син/црвен) диспеј, нов систем на дување и тивка работа, EUROVENT серттификат за квалитет.",3,98990.0,,3500,4000,-15,46
VIVAX,ACP-24FS70AERI R410A,САМОСТОЕЧКИ,A++,70,/,5,99990.0,,7030,7620,-15,50
TOSHIBA,SUZUMI PLUS RAS-B24PKVSG-E/RAS-24J2AVSG-E,ИНВЕРТЕР СПЛИТ СИСТЕМ,A++,80,"Најнова Toshiba TWIN ROTARY компресорска технологија нова генерација на надворешна единица, ON-DEMAND Defrost – избор на defrost/заштита од замрзнување преку далечинскo, Comfort Sleep, Quiet mode, Hi Power mode, IAQ антибактериски филтрирачки систем, функција самочистење со антипрашест филтер, можност за WiFi поврзување (со дополнителен WiFi стик 7000денари), Внатрешна единица Suzumi Plus и Надворешна единица Shorai Edge.",3,99990.0,109990.0,7000,8000,-15,46
HISENSE,AUF71UR4RXB / AUW71U4RJ,САМОСТОЕЧКИ,A++,75,/,2,101900.0,111990.0,7000,7500,-15,43
TOSHIBA,Daiseikai 10 RAS-B10S4KVPG-E / RAS-10S4AVPG-E,ИНВЕРТЕР СПЛИТ СИСТЕМ,A+++,25,"Високи SCOP и SЕЕR од неверојатни 10,7 !!!
A+++ највисока енергетска класа при греење/ладење
Вградена WiFi контрола со следење на потрошувачка на ел.енергија
најнов Toshiba TWIN ROTARY компресор
3D Air Flow, On-demand defrosting, плазма јонизирачки филтер
Smart follow sensor за препознавање во просторијата
Дизајнерски далечински управувач
опсег на работа ладење – надворешна температура од -15 ÷ 46oC
опсег на работа греење – надворешна температура од -20 ÷ 24oC",3,101990.0,,2500,3200,-20,46
FUJITSU,ASYG-24KLCA / AOYG-24KLTA,ИНВЕРТЕР СПЛИТ СИСТЕМ,A++,80,/,2,104990.0,,7100,8000,-15,46
TOSHIBA,SHORAI EDGE RAS-B24J2KVSG-E / RAS-24J2AVSG-E,ИНВЕРТЕР СПЛИТ СИСТЕМ,A++,80,"Најнова Toshiba TWIN ROTTARY компресорска технологија ECO mode, Quite mode, Hi Power, 3D Air Flow ULTRA Pure филтер, функција самочистење со антипрашлест филтер, опција за IAQ антибактериски филтрирачки систем опција за Wi-Fi управување",3,107990.0,114990.0,7000,8000,-15,46
HYUNDAI,AC 480 ECO М,САМОСТОЕЧКИ,A+,140,/,7,109990.0,129990.0,14067,16119,-15,50
TOSHIBA,Daiseikai 10 RAS-B10S4KVPG-E / RAS-10S4AVPG-E Wood,ИНВЕРТЕР СПЛИТ СИСТЕМ,A+++,25,"Високи SCOP и SЕЕR од неверојатни 10,7 !!!
A+++ највисока енергетска класа при греење/ладење
преден панел изработен од дрво
Вградена WiFi контрола со следење на потрошувачка на ел.енергија
најнов Toshiba TWIN ROTARY компресор
3D Air Flow, On-demand defrosting, плазма јонизирачки филтер
Smart follow sensor за препознавање во просторијата
Дизајнерски далечински управувач
опсег на работа ладење – надворешна температура од -15 ÷ 46oC
опсег на работа греење – надворешна температура од -20 ÷ 24oC",3,109990.0,,2500,3200,-20,46
MITSUBISHI,Heavy DIamond SRK/SRC 35 ZSX-W,ИНВЕРТЕР СПЛИТ СИСТЕМ,A+++,35,"• Елегантен безвременски дизајн. • Висока сезонска ефикасност до A+++ во ладење и греење. • Тивок проток на воздух и долг дофат се постигнуваат со млазна технологија. • Операцијата за чистење на алергени го прочистува воздухот, користејќи шема за контрола во сопственост само на Mitsubishi Heavy Industries Thermal Systems. • Безжична контрола на интерфејсот (опционално).",3,110990.0,,3500,4300,-20,46
TOSHIBA,Daiseikai 10 RAS-B13S4KVPG-E / RAS-13S4AVPG-E,ИНВЕРТЕР СПЛИТ СИСТЕМ,A+++,40,"Високи SCOP и SЕЕR од неверојатни 10,7 !!! A+++ највисока енергетска класа при греење/ладење Вградена WiFi контрола со следење на потрошувачка на ел.енергија најнов Toshiba TWIN ROTARY компресор 3D Air Flow, On-demand defrosting, плазма јонизирачки филтер Smart follow sensor за препознавање во просторијата Дизајнерски далечински управувач опсег на работа ладење – надворешна температура од -15 ÷ 46oC опсег на работа греење – надворешна температура од -20 ÷ 24oC",3,111990.0,,3500,4000,-20,46
CARRIER,Inverter XPower 42QTD024R8S / 38QUS024R8S,КАСЕТНИ СПЛИТ СИСТЕМ,A++,70,"Најнова DC Hybrid inverter технологија со twin-rotary компресор, 40% заштеда на енергија во споредба со стандарден клима уред, вградена пумпа за кондензна вода, автоматски рестарт по прекин на струја, ултратенок дизајн (205mm висина) за едноставна инсталација и одржување, четиристран панел со 360° еднаква распределба на воздухот, ниско ниво на бучава, зголемен проток и ефикасност на топлинска размена, со најнова 3Д спирална технологија на вентилатор на внатрешна единица, стандарден отвор за довод на свеж воздух.",3,114090.0,,7050,7200,-15,50
FUJITSU,ASYG-24KMTE / AOYG-24KMTA,ИНВЕРТЕР СПЛИТ СИСТЕМ,A++,80,/,2,114990.0,,7100,8000,-15,46
DAIKIN,SENSIRA FTXF71D/RXF71D,ИНВЕРТЕР СПЛИТ СИСТЕМ,A,80,"Економичен режим, комфорт проток на воздух, моќен режим на работа, 24 часовен тајмер,беззвучна работа на внатрешната единица, онлајн контролер (опционално)- управување на внатрешната единица преку мобилна аплиакција од било каде, преку локална мрежа или интернет.",3,118800.0,,7100,8200,-15,46
MITSUBISHI,Heavy Diamond Hyperinverter SRK/SRC 63 ZR-W,ИНВЕРТЕР СПЛИТ СИСТЕМ,A++,75,"• Серијата ZR е идеално решение за греење и ладење на поголеми простори во вашиот дом.
• Компактна и лесна. Надворешната единица од 10,0 kW сега тежи 57 кг и е 20% полесна од претходниот модел.
• Низок потенцијал за глобално затоплување (GWP) и висока енергетска ефикасност со новиот фреон R32.
• Тивок проток на воздух и долг дофат се постигнуваат со млазна технологија.
• Операцијата за чистење на алергени го прочистува воздухот, користејќи шема за контрола во сопственост само на Mitsubishi Heavy Industries Thermal Systems. • Безжична контрола на интерфејсот (опционално).",3,118990.0,,6300,7100,-15,46
GREE,I-Shine GVH24AKXF-K6DNC8A,САМОСТОЕЧКИ,A++,80,Twin Rotary,3,119990.0,,7100,8400,-25,50
TOSHIBA,Daiseikai 10 RAS-B13S4KVPG-E / RAS-13S4AVPG-E Wood,ИНВЕРТЕР СПЛИТ СИСТЕМ,A+++,40,"Високи SCOP и SЕЕR од неверојатни 10,7 !!!
A+++ највисока енергетска класа при греење/ладење
преден панел изработен од дрво
Вградена WiFi контрола со следење на потрошувачка на ел.енергија
најнов Toshiba TWIN ROTARY компресор
3D Air Flow, On-demand defrosting, плазма јонизирачки филтер
Smart follow sensor за препознавање во просторијата
Дизајнерски далечински управувач
опсег на работа ладење – надворешна температура од -15 ÷ 46oC
опсег на работа греење – надворешна температура од -20 ÷ 24oC",3,122990.0,,3500,4000,-20,46
TOSHIBA,SUPER DAISEIKAI 9 RAS-16PKVPG-Е,ИНВЕРТЕР СПЛИТ СИСТЕМ,A+++,60,"Најнова Toshiba TWIN ROTTARY компресорска технологија, 3D Air Flow, On-demand defrosting, плазма јонизирачки филтер, неделен и дневен тајмер, Colored LED (син/црвен) диспеј, нов систем на дување и тивка работа, EUROVENT серттификат за квалитет.",3,125990.0,,4500,5500,-15,46
TOSHIBA,Bi-Flow RAS-B18J2FVG-E/RAS-18J2AVSG-E,ПАРАПЕТНИ/КОНЗОЛНИ,A++,55,"Греење во подот - долна зона, елегантен дизајн, тивка работа, ефикасен Pure-Flow и IAQ филтрирачки систем, функција на самочистење, EUROVENT сертификат за квалитет, најнова Toshiba TWIN ROTTARY компресорска технологија.",3,127990.0,,5000,6000,-15,46
AUX,48000 BTU,САМОСТОЕЧКИ,A,140,/,1,129000.0,,14000,14000,-5,43
MITSUBISHI,Heavy Diamond SRK/SRC 50 ZSX-W,ИНВЕРТЕР СПЛИТ СИСТЕМ,A++,55,"• Елегантен безвременски дизајн. • Висока сезонска ефикасност до A+++ во ладење и греење. • Тивок проток на воздух и долг дофат се постигнуваат со млазна технологија. • Операцијата за чистење на алергени го прочистува воздухот, користејќи шема за контрола во сопственост само на Mitsubishi Heavy Industries Thermal Systems. • Безжична контрола на интерфејсот (опционално).",3,137490.0,,5000,6000,-20,46
MITSUBISHI,Heavy SRF/SRC 50 ZSX-W2,ПАРАПЕТНИ/КОНЗОЛНИ,A++,55,"• Елегантниот полурамен преден панел во стилска бела боја, одговара на различни видови простории и создава релаксирачка атмосфера. • Достапен е избор помеѓу поставување на ѕид, на под или зад галерија. • Низок потенцијал за глобално затоплување (GWP) и висока енергетска ефикасност со новиот фреон R32. • Тивко работење. Нивото на 25ZS-W во режимот на ладење Ulo е само 25dB(A). • „Системот за контрола на крилцата“ им овозможува на корисниците да ги менуваат аглите и позициите на крилцата според нивните преференции. Крилцата може да се постават на различни агли.",3,137590.0,,5000,6000,-20,46
MITSUBISHI,Heavy Diamond SRK/SRC 60 ZSX-W,ИНВЕРТЕР СПЛИТ СИСТЕМ,A++,65,"• Елегантен безвременски дизајн. • Висока сезонска ефикасност до A+++ во ладење и греење. • Тивок проток на воздух и долг дофат се постигнуваат со млазна технологија. • Операцијата за чистење на алергени го прочистува воздухот, користејќи шема за контрола во сопственост само на Mitsubishi Heavy Industries Thermal Systems. • Безжична контрола на интерфејсот (опционално).",3,142990.0,,5000,6000,-20,46
TOSHIBA,Daiseikai 10 RAS-B18S4KVPG-E / RAS-18S4AVPG-E,ИНВЕРТЕР СПЛИТ СИСТЕМ,A+++,60,"Високи SCOP и SЕЕR од неверојатни 10,7 !!! A+++ највисока енергетска класа при греење/ладење Вградена WiFi контрола со следење на потрошувачка на ел.енергија најнов Toshiba TWIN ROTARY компресор 3D Air Flow, On-demand defrosting, плазма јонизирачки филтер Smart follow sensor за препознавање во просторијата Дизајнерски далечински управувач опсег на работа ладење – надворешна температура од -15 ÷ 46oC опсег на работа греење – надворешна температура од -20 ÷ 24oC",3,142990.0,,5000,6000,-20,46
VIVAX,ACP-36CC105AERI+ R32,КАСЕТНИ СПЛИТ СИСТЕМ,A++,115,"Посебно дизајниран 360° Air Flow панел, дополнителен жичен управувач, висока ефикасност, прикажување на самодијагноза, 1W standby, заштита на вентил на надворешна единица, греачи на компресор и кондензатор, пумпа за одвод на кондензот, memory функција, sleep mode, self cleaning, 12 Fan Speed, auto swing.",5,144990.0,,10550,11140,-20,50
VIVAX,ACP-36DT105AERI+ R32,КАНАЛНИ СИСТЕМИ,A++,100,/,5,144990.0,,10550,11720,-20,50
VIVAX,ACP-36CF105AERI+ R32,ПАРАПЕТНИ/КОНЗОЛНИ,A++,115,"Дополнителен жичен управувач, висока ефикасност, прикажување на самодијагноза, 1 W standby, заштита на вентил надворешна средина, опсег на оперативно работно греење (-15 °C), опсег на оперативно работно ладење (-15 °C), 12 fan speed.",5,149990.0,,10550,11720,-20,50
MITSUBISHI,Heavy Diamond Hyperinverter SRK/SRC 71 ZR-W,ИНВЕРТЕР СПЛИТ СИСТЕМ,A++,80,"• Серијата ZR е идеално решение за греење и ладење на поголеми простори во вашиот дом. • Компактна и лесна. Надворешната единица од 10,0 kW сега тежи 57 кг и е 20% полесна од претходниот модел. • Низок потенцијал за глобално затоплување (GWP) и висока енергетска ефикасност со новиот фреон R32. • Тивок проток на воздух и долг дофат се постигнуваат со млазна технологија. • Операцијата за чистење на алергени го прочистува воздухот, користејќи шема за контрола во сопственост само на Mitsubishi Heavy Industries Thermal Systems. • Безжична контрола на интерфејсот (опционално).",3,150990.0,,7100,8000,-15,46
TOSHIBA,Daiseikai 10 RAS-B18S4KVPG-E / RAS-18S4AVPG-E Wood,ИНВЕРТЕР СПЛИТ СИСТЕМ,A+++,60,"Високи SCOP и SЕЕR од неверојатни 10,7 !!!
A+++ највисока енергетска класа при греење/ладење
преден панел изработен од дрво
Вградена WiFi контрола со следење на потрошувачка на ел.енергија
најнов Toshiba TWIN ROTARY компресор
3D Air Flow, On-demand defrosting, плазма јонизирачки филтер
Smart follow sensor за препознавање во просторијата
Дизајнерски далечински управувач
опсег на работа ладење – надворешна температура од -15 ÷ 46oC
опсег на работа греење – надворешна температура од -20 ÷ 24oC",3,154990.0,,5000,6000,-20,46
HYUNDAI,AC 550 Inverter,САМОСТОЕЧКИ,A,170,/,7,155000.0,169990.0,16118,16998,-15,50
HISENSE,AUF140UR4RMPA / AUW140U6RT,САМОСТОЕЧКИ,A,140,/,2,155000.0,165990.0,14000,14500,-15,43
AUX,ALCA-H36/NDR3HAA INVERTER,КАСЕТНИ СПЛИТ СИСТЕМ,A++,110,/,2,157990.0,,10500,1115,-15,52
GREE,T-FRESH GVH48ALXK-M6DNC7A,САМОСТОЕЧКИ,A++,140,/,2,159990.0,,12500,14500,-15,50
CARRIER,Inverter XPower 42QTD036R8S / 38QUS036R8S,КАСЕТНИ СПЛИТ СИСТЕМ,A++,110,"Најнова DC Hybrid inverter технологија со twin-rotary компресор, 40% заштеда на енергија во споредба со стандарден клима уред, вградена пумпа за кондензна вода, автоматски рестарт по прекин на струја, ултратенок дизајн (205mm висина) за едноставна инсталација и одржување, четиристран панел со 360° еднаква распределба на воздухот, ниско ниво на бучава, зголемен проток и ефикасност на топлинска размена, со најнова 3Д спирална технологија на вентилатор на внатрешна единица, стандарден отвор за довод на свеж воздух.",3,162490.0,,10500,10600,-15,50
VIVAX,ACP-48FS140AERI R32,САМОСТОЕЧКИ,A++,150,/,5,179990.0,,14067,16119,-15,50
VIVAX,ACP-48CF140AERI+ R32,ПАРАПЕТНИ/КОНЗОЛНИ,A++,150,"Дополнителен жичен управувач, висока ефикасност, прикажување на самодијагноза, 1 W standby, заштита на вентил надворешна средина, опсег на оперативно работно греење (-15 °C), опсег на оперативно работно ладење (-15 °C), 12 fan speed.",5,179990.0,,14070,16120,-20,50
GREE,T-FRESH GVH55ALXM-M6DNC7A,САМОСТОЕЧКИ,A++,160,/,2,179990.0,,16000,17000,-15,50
CARRIER,Inverter XPower 42QTD048R8S / 38QUS048R8S,КАСЕТНИ СПЛИТ СИСТЕМ,A++,170,"Најнова DC Hybrid inverter технологија со twin-rotary компресор, 40% заштеда на енергија во споредба со стандарден клима уред, вградена пумпа за кондензна вода, автоматски рестарт по прекин на струја, ултратенок дизајн (205mm висина) за едноставна инсталација и одржување, четиристран панел со 360° еднаква распределба на воздухот, ниско ниво на бучава, зголемен проток и ефикасност на топлинска размена, со најнова 3Д спирална технологија на вентилатор на внатрешна единица, стандарден отвор за довод на свеж воздух.",3,182290.0,,14000,15600,-15,50
VIVAX,ACP-48CC140AERI+ R32,КАСЕТНИ СПЛИТ СИСТЕМ,A++,160,"Посебно дизајниран 360° Air Flow панел, дополнителен жичен управувач, висока ефикасност, прикажување на самодијагноза, 1W standby, заштита на вентил на надворешна единица, греачи на компресор и кондензатор, пумпа за одвод на кондензот, memory функција, sleep mode, self cleaning, 12 Fan Speed, auto swing.",5,184990.0,,14070,16120,-20,50
MITSUBISHI,Heavy Diamond Hyperinverter SRK/SRC 80 ZR-W,ИНВЕРТЕР СПЛИТ СИСТЕМ,A++,90,"• Серијата ZR е идеално решение за греење и ладење на поголеми простори во вашиот дом. • Компактна и лесна. Надворешната единица од 10,0 kW сега тежи 57 кг и е 20% полесна од претходниот модел. • Низок потенцијал за глобално затоплување (GWP) и висока енергетска ефикасност со новиот фреон R32. • Тивок проток на воздух и долг дофат се постигнуваат со млазна технологија. • Операцијата за чистење на алергени го прочистува воздухот, користејќи шема за контрола во сопственост само на Mitsubishi Heavy Industries Thermal Systems. • Безжична контрола на интерфејсот (опционално).",3,184990.0,,8000,9000,-15,46
VIVAX,ACP-48DT140AERI+ R32,КАНАЛНИ СИСТЕМИ,A++,150,/,5,184990.0,,14070,16120,-20,50
VIVAX,ACP-55CF160AERI+ R32,ПАРАПЕТНИ/КОНЗОЛНИ,A++,170,"Дополнителен жичен управувач, висока ефикасност, прикажување на самодијагноза, 1 W standby, заштита на вентил надворешна средина, опсег на оперативно работно греење (-15 °C), опсег на оперативно работно ладење (-15 °C),  12 fan speed.",5,189990.0,,15830,18170,-20,50
CARRIER,42QFD048D8S / 38QUS048D8T,САМОСТОЕЧКИ,A++,160,"Екстремно тивок и штедлив клима уред, ефикасен уред со рамномерна дистрибуција на воздухот, Turbo mode за инстантно постигнување на температура, Carrier опрема за климатизација со повеќе од 100 години традиција, американски и светски лидер во делот на климатизација, греење и ладење",3,191000.0,,14600,16100,-15,50
VIVAX,ACP-55CC160AERI+ R32,КАСЕТНИ СПЛИТ СИСТЕМ,A++,180,"Посебно дизајниран 360° Air Flow панел, дополнителен жичен управувач, висока ефикасност, прикажување на самодијагноза, 1W standby, заштита на вентил на надворешна единица, греачи на компресор и кондензатор, пумпа за одвод на кондензот, memory функција, sleep mode, self cleaning, 12 Fan Speed, auto swing.",5,199990.0,,15240,18170,-20,50
VIVAX,ACP-55DT160AERI+ R32,КАНАЛНИ СИСТЕМИ,A++,170,/,5,199990.0,,15240,18170,-20,50
VIVAX,ACP-55FS160AERI R410A,САМОСТОЕЧКИ,A++,170,/,5,199990.0,,16120,17000,-15,50
MITSUBISHI,Heavy Diamond Hyperinverter SRK/SRC 100 ZR-W,ИНВЕРТЕР СПЛИТ СИСТЕМ,A+,100,"• Серијата ZR е идеално решение за греење и ладење на поголеми простори во вашиот дом. • Компактна и лесна. Надворешната единица од 10,0 kW сега тежи 57 кг и е 20% полесна од претходниот модел. • Низок потенцијал за глобално затоплување (GWP) и висока енергетска ефикасност со новиот фреон R32. • Тивок проток на воздух и долг дофат се постигнуваат со млазна технологија. • Операцијата за чистење на алергени го прочистува воздухот, користејќи шема за контрола во сопственост само на Mitsubishi Heavy Industries Thermal Systems. • Безжична контрола на интерфејсот (опционално).",3,205590.0,,9600,10000,-15,46
TOSHIBA,Inverter RAV-RM1401FT / RAV-GM1401ATP-E,САМОСТОЕЧКИ,A,140,"Екстремно тивок и штедлив клима уред
А/ А енергетска класа на ладење и греење
Ефикасен уред со рамномерна дистрибуција на воздухот
Turbo mode за инстантно постигнување на температура 
Најнова Toshiba TWIN ROTTARY компресорска технологија 
Јапонски и светски лидер во делот на климатизација, греење и ладење",3,249990.0,,14000,14600,-15,46
TOSHIBA,Inverter RAV-RM1601FT / RAV-GM1601ATP-E,САМОСТОЕЧКИ,A,170,"Екстремно тивок и штедлив клима уред А/ А енергетска класа на ладење и греење Ефикасен уред со рамномерна дистрибуција на воздухот Turbo mode за инстантно постигнување на температура Најнова Toshiba TWIN ROTTARY компресорска технологија Јапонски и светски лидер во делот на климатизација, греење и ладење",3,305990.0,,14000,16000,-15,53
