brand,model,type,energy_class,power,temperature,area,functions,guarantee,curr_price,prev_price
VIVAX,ACP-12CH35AEFIs R32,ИНВЕРТЕР СПЛИТ СИСТЕМ,A++,3517/3810 W,ОД -10℃ ДО 50℃,ДО 30 м2,Внесете свежина во вашите домашни и деловни простории и во најтешките летни денови!,5 ГОДИНИ,17.990,20.990
TESLA,CLASSIC TA36FFLL-1232IA,ИНВЕРТЕР СПЛИТ СИСТЕМ,A++,3400/3500 W,ОД -15℃ ДО 49℃,ДО 35 м2,/,3 ГОДИНИ,18.990,
VIVAX,ACP-12CH35AEXIs R32,ИНВЕРТЕР СПЛИТ СИСТЕМ,A++,3520/3810 W,ОД -15℃ ДО 50℃,ДО 30 м2,/,5 ГОДИНИ,19.990,24.990
VIVAX,ACP-09CH25AEQIS R32,ИНВЕРТЕР СПЛИТ СИСТЕМ,A++,2638/2930 W,ОД -15℃ ДО 50℃,ДО 25 м2,"Висока ефикасност, прикажување на самодијагноза, индикатор за истекување на гасот за разладување, 1W standby, турбо, заштита на вентил на надворешна единица, интелегентно отопување, 12 Fan Speed, безшумна опција, двосмерен одвод на кондензат, дигитален екран.",5 ГОДИНИ,19.990,22.990
VIVAX,ACP-09PT25AEG,МОБИЛНИ КЛИМА УРЕДИ,A,2640 W,ОД 17℃ ДО 35℃,ДО 25 м2,"Тајмер, 3 стапки на проток на воздух, Рачно ракување, Повеќенасочни тркала.",3 ГОДИНИ,19.990,
TOSOT,MUSE PREMIUM TWH12AFBXB-K6DNA5A,ИНВЕРТЕР СПЛИТ СИСТЕМ,A++,3200/3400 W,ОД -15℃ ДО 43℃,ДО 30 м2,"Произведено од GREE. Самодијагноза, интелегентно отопување, аuto restart, нормален sleep mode,тајмер, turbo",3 ГОДИНИ,19.990,31.990
VIVAX,ACP-09CH25AEMIS R32,ИНВЕРТЕР СПЛИТ СИСТЕМ,A++,2638/2930 W,ОД -15℃ ДО 50℃,ДО 25 м2,"Висока ефикасност, самодијагноза, 1W standby, заштита на вентил надворешна единица, 12 Fan Speed, self cleaning, индикатор за истекување на гасот за разладување, безшумна операција, двосмерен одвод на кондензат, дигитален екран, sleep mode, тајмер, интелегентно отопување, memory функција, турбо, припрема за Wi-Fi  ( WiFi ready )",5 ГОДИНИ,19.990,24.990
VIVAX,ACP-12CH35AEQIS R32,ИНВЕРТЕР СПЛИТ СИСТЕМ,A++,3517/3810 W,ОД -15℃ ДО 50℃,ДО 35 м2,"Висока ефикасност, прикажување на самодијагноза, индикатор за истекување на гасот за разладување, 1W standby, турбо, заштита на вентил на надворешна единица, интелегентно отопување, 12 Fan Speed, безшумна опција, двосмерен одвод на кондензат, дигитален екран.",5 ГОДИНИ,20.990,25.990
TESLA,CLASSIC TT34EX21-1232IA,ИНВЕРТЕР СПЛИТ СИСТЕМ,A++,3400/3420 W,ОД -20℃ ДО 53℃,ДО 35 м2,/,3 ГОДИНИ,20.990,25.990
VIVAX,ACP-12CH35AEMIS R32,ИНВЕРТЕР СПЛИТ СИСТЕМ,A++,3517/3810 W,ОД -15℃ ДО 50℃,ДО 35 м2,"-ГРАТИС WI-FI МОДУЛ!
Висока ефикасност, самодијагноза, 1W standby, заштита на вентил надворешна единица, висока ефикасност, 12 Fan Speed, self cleaning, индикатор за истекување на гасот за разладување, безшумна операција, двосмерен одвод на кондензат, дигитален екран, sleep mode, тајмер, интелегентно отопување, memory функција, турбо.",5 ГОДИНИ,21.990,27.990
TESLA,SELECT TT34EX81-1232IAW,ИНВЕРТЕР СПЛИТ СИСТЕМ,A++,3400/3420 W,ОД -20℃ ДО 53℃,ДО 35 м2,/,3 ГОДИНИ,21.990,26.990
TESLA,PORTABLE TTMYW-12CHW,МОБИЛНИ КЛИМА УРЕДИ,A,3200/2900 W,ОД 0℃ ДО 0℃,ДО 30 м2,/,3 ГОДИНИ,22.990,
TESLA,SELECT STYLE TT34EX82BM-1232IAW,ИНВЕРТЕР СПЛИТ СИСТЕМ,A++,3400/3420 W,ОД -20℃ ДО 53℃,ДО 35 м2,Стерилизација на 56°C,3 ГОДИНИ,22.990,
TESLA,SELECT STYLE TT34EX82SM-1232IAW,ИНВЕРТЕР СПЛИТ СИСТЕМ,A++,3400/3420 W,ОД -20℃ ДО 53℃,ДО 35 м2,Стерилизација на 56°C,3 ГОДИНИ,22.990,
GREE,Charmo Premium GWH12ATBXB-K6DNA1D,ИНВЕРТЕР СПЛИТ СИСТЕМ,A++,3200/3400 W,ОД -15℃ ДО 43℃,ДО 30 м2,"GREE компресор со магнети од ретки метали (Rare Earth Magnet)
Функции",10 ГОДИНИ,22.990,26.990
TCL,Elite Lite TAC-12CHSD/XA73IF,ИНВЕРТЕР СПЛИТ СИСТЕМ,A++,3400/3420 W,ОД -20℃ ДО 53℃,ДО 35 м2,/,3 ГОДИНИ,22.990,25.990
VIVAX,ACP-12CH35AENI R32,ИНВЕРТЕР СПЛИТ СИСТЕМ,A++,3517/3810 W,ОД -20℃ ДО 50℃,ДО 35 м2,/,5 ГОДИНИ,22.990,27.990
TESLA,PORTABLE TTMYB-12CHW,МОБИЛНИ КЛИМА УРЕДИ,A,3200/2900 W,ОД 0℃ ДО 0℃,ДО 30 м2,/,3 ГОДИНИ,23.590,
AUX,Gentle Breeze ASW-H09B5C4/CAR3DI-C3,ИНВЕРТЕР СПЛИТ СИСТЕМ,A++,2700/3200 W,ОД -25℃ ДО 52℃,ДО 25 м2,"A++ / A+++ висока енергетска класа при ладење / греење (топла зона)
DC Hybrid inverter  технологија
SOFT AIR микро отвори за безосетно ладење
вграден WiFi уред за постојана контрола 
I FEEL опција со далечинско како термостат, VOICE Control, 4D Wind, UVC дезинфекција
греач во када на надворешната единица против мрзнење
опсег на работа ладење – надворешна температура од 15 ÷ 52oC
опсег на работа греење – надворешна температура од -25 ÷ 24oC",5 ГОДИНИ,23.990,
VIVAX,ACP-12PT35AEFs,МОБИЛНИ КЛИМА УРЕДИ,A,3517 W,ОД 0℃ ДО 0℃,ДО 35 м2,"0.5 W standby, мemory функција (auto-restart), аnti cool air design, oдвлажнување, тајмер, sleep mode, led display, прикажување на само дијагноза, повеќенасочни позиции, самоиспарувачки систем.",3 ГОДИНИ,23.990,
HISENSE,EASY SMART CA35YR03G-CA35YR03W,ИНВЕРТЕР СПЛИТ СИСТЕМ,A++,3400/3800 W,ОД -20℃ ДО 43℃,ДО 35 м2,5 години гаранција на компресор ( 16.10.2025-31.10.2025 ) со регистрација на  https,2 ( 5 години на компресор ) ГОДИНИ,23.990,28.990
TESLA,ADVANCE TA36QQCT-1232IAWT,ИНВЕРТЕР СПЛИТ СИСТЕМ,A++,3500/3800 W,ОД -25℃ ДО 49℃,ДО 35 м2,"Функција против создавање на мувла и габи 
Функција против ‘рѓа 
Стерилизација на 56°C",3 ГОДИНИ,24.990,
AUX,Gentle Breeze ASW-H12C5A4/CAR3DI-B8,ИНВЕРТЕР СПЛИТ СИСТЕМ,A++,3500/3800 W,ОД -25℃ ДО 52℃,ДО 35 м2,"A++ / A+++ висока енергетска класа при ладење / греење (топла зона)
DC Hybrid inverter  технологија
SOFT AIR микро отвори за безосетно ладење
вграден WiFi уред за постојана контрола 
I FEEL опција со далечинско како термостат, VOICE Control, 4D Wind, UVC дезинфекција
греач во када на надворешната единица против мрзнење
опсег на работа ладење – надворешна температура од 15 ÷ 52oC
опсег на работа греење – надворешна температура од -25 ÷ 24oC",5 ГОДИНИ,24.990,
TESLA,ADVANCE TT34TP81-1232IAWT,ИНВЕРТЕР СПЛИТ СИСТЕМ,A++,3500/3620 W,ОД -25℃ ДО 53℃,ДО 35 м2,UV lamp,3 ГОДИНИ,24.990,28.990
TESLA,ADVANCE TT34TP81-1232IHWT,ИНВЕРТЕР СПЛИТ СИСТЕМ,A+++,3520/3860 W,ОД -25℃ ДО 52℃,ДО 35 м2,"Функција против создавање на мувла и габи 
Функција против ‘рѓа 
Стерилизација на 56°C",3 ГОДИНИ,25.990,
GREE,PULAR PREMIUM GWH07AGA-K6DNA1A,ИНВЕРТЕР СПЛИТ СИСТЕМ,A++,2200/2400 W,ОД -15℃ ДО 43℃,ДО 20 м2,/,10 ГОДИНИ,25.990,29.990
HAIER,AS25RHBHRA / 1U25YERFRA Revive,ИНВЕРТЕР СПЛИТ СИСТЕМ,A++,2500/2800 W,ОД -15℃ ДО 43℃,ДО 25 м2,"- Фабрички вграден hOn Wi-Fi
- Tивок режим на работа (18dB)
- Coanda Plus технологија за рамномерна дистрибуција на воздухот
- Super Quiet mode, Comfortable sleep mode, Aнтибактериски филтер
- Модерниот дизајн дава можност за многу брза и прецизна инсталација",3 ГОДИНИ,25.990,
VIVAX,ACP-12PT35AEHs,МОБИЛНИ КЛИМА УРЕДИ,A+,3500/2900 W,ОД 5℃ ДО 35℃,ДО 35 м2,"0.5 W standby, memory функција (auto-restart), anti cool air design, oдвлажнување, тајмер, sleep mode, led display, прикажување на само диагноза, повеќенасочни позиции, самоиспарувачки систем.",3 ГОДИНИ,25.990,
HAIER,AS35RHBHRA / 1U35YERFRA Revive,ИНВЕРТЕР СПЛИТ СИСТЕМ,A++,3200/3400 W,ОД -15℃ ДО 43℃,ДО 35 м2,"- Фабрички вграден hOn Wi-Fi - Tивок режим на работа (18dB) - Coanda Plus технологија за рамномерна дистрибуција на воздухот - Super Quiet mode, Comfortable sleep mode, Aнтибактериски филтер - Модерниот дизајн дава можност за многу брза и прецизна инсталација",3 ГОДИНИ,26.990,32.000
GREE,Charmo Arctic PRO II GWH09ATCXB-K6DNA4A,ИНВЕРТЕР СПЛИТ СИСТЕМ,A++,2700/3000 W,ОД -25℃ ДО 50℃,ДО 25 м2,Функции,10 ГОДИНИ,26.990,29.990
GREE,PULAR PREMIUM GWH09AGA-K6DNA1A,ИНВЕРТЕР СПЛИТ СИСТЕМ,A++,2500/2800 W,ОД -15℃ ДО 43℃,ДО 25 м2,/,10 ГОДИНИ,26.990,31.990
TESLA,ADVANCE TT34TP91-1232IHWT,ИНВЕРТЕР СПЛИТ СИСТЕМ,A+++,3510/3800 W,ОД -25℃ ДО 53℃,ДО 35 м2,UV lamp,3 ГОДИНИ,26.990,
HISENSE,WINGS PRO KB35YR3EG-KB35YR3EW,ИНВЕРТЕР СПЛИТ СИСТЕМ,A++,3400/3800 W,ОД -20℃ ДО 43℃,ДО 35 м2,5 години гаранција на компресор ( 16.10.2025-31.10.2025 ) со регистрација на  https,2 ( 5 години на компресор ) ГОДИНИ,26.990,32.990
BOSCH,CLIMATE 2000 26 WE,ИНВЕРТЕР СПЛИТ СИСТЕМ,A++,2600/2900 W,ОД -15℃ ДО 50℃,ДО 25 м2,"- Внатрешната единица може да работи исклучително тивко со ниво на бучавост од само 21 dB(A)
- Филтрите со висока густина и филтрите со ладен катализатор ја отстрануваат прашината и поленот од просторијата до 80%
- Комбинацијата на вертикални и хоризонтални перки за вентилација обезбедува рамномерна распределба на протокот на воздух",3 ГОДИНИ,27.900,35.900
GREE,FAIRY PREMIUM GWH12ACC-K6DNA1F,ИНВЕРТЕР СПЛИТ СИСТЕМ,A++,3510/3810 W,ОД -25℃ ДО 50℃,ДО 35 м2,"SMART DC Инвертер со G10 технологија, патент на ГРЕЕ
GREE компресор со магнети од ретки метали (Rare Earth Magnet)
EEV – Eлектронски експанзионен вентил, Грејач на тацна за одмрзнување на кондензат
Функции",10 ГОДИНИ,27.990,39.990
GREE,FAIRY PREMIUM Black GWH12ACC-K6DNA1F,ИНВЕРТЕР СПЛИТ СИСТЕМ,A++,3510/3810 W,ОД -25℃ ДО 50℃,ДО 35 м2,"SMART DC Инвертер со G10 технологија, патент на ГРЕЕ GREE компресор со магнети од ретки метали (Rare Earth Magnet) EEV – Eлектронски експанзионен вентил, Грејач на тацна за одмрзнување на кондензат Функции",10 ГОДИНИ,27.990,41.990
VIVAX,ACP-09CH25AERI+ R32,ИНВЕРТЕР СПЛИТ СИСТЕМ,A+++,2638/2931 W,ОД -25℃ ДО 50℃,ДО 25 м2,/,5 ГОДИНИ,27.990,33.990
VIVAX,ACP-12CH35AERI+ R32,ИНВЕРТЕР СПЛИТ СИСТЕМ,A+++,3517/3810 W,ОД -25℃ ДО 50℃,ДО 35 м2,/,5 ГОДИНИ,27.990,36.990
VIVAX,ACP-09CH25AERI+ R32 Gold,ИНВЕРТЕР СПЛИТ СИСТЕМ,A+++,2638/2931 W,ОД -25℃ ДО 50℃,ДО 25 м2,/,5 ГОДИНИ,27.990,33.990
VIVAX,ACP-09CH25AERI+ R32 Silver,ИНВЕРТЕР СПЛИТ СИСТЕМ,A+++,2638/2931 W,ОД -25℃ ДО 50℃,ДО 25 м2,/,5 ГОДИНИ,27.990,33.990
TOSOT,MUSE EXTREME LCLH TWH12AFC-K6DNA5F,ИНВЕРТЕР СПЛИТ СИСТЕМ,A++,3510/3810 W,ОД -25℃ ДО 50℃,ДО 35 м2,"Произведено од GREE. Самодијагноза, интелегентно отопување, аuto restart, I Feel фунција, нормален sleep mode,тајмер, turbo",3 ГОДИНИ,27.990,37.990
HAIER,TIDE PLUS AS25THMHRA-C/1U25YEFFRA-C,ИНВЕРТЕР СПЛИТ СИСТЕМ,A++,2600/2800 W,ОД -15℃ ДО 43℃,ДО 25 м2,"DC Inverter технологија со Intelligent Air, функција на самочистење и самодијагностицирање, можност за Wi-Fi управување, Auto-restart, 24h тајмер, оптимизиран дизајн на вентилаторот.",3 ГОДИНИ,27.990,31.990
HAIER,TUNDRA PLUS AS25TAEHRA-THC/1U25YEFFRA-1,ИНВЕРТЕР СПЛИТ СИСТЕМ,A++,2600/2900 W,ОД -15℃ ДО 43℃,ДО 25 м2,"180° sine wave DC Inverter технологија со IntelligentAir, Super Quiet mode, Comfortable sleep mode - режими на работа , Eurovent сертификат, можност за Wi-Fi управување, функција на самочистење и самодијагностицирање, Auto-restart, 24hтајмер.",3 ГОДИНИ,27.990,36.990
HAIER,TUNDRA GREEN AS25TADHRA-CL/1U25BEЕFRA,ИНВЕРТЕР СПЛИТ СИСТЕМ,A++,2600/2900 W,ОД -15℃ ДО 43℃,ДО 25 м2,"180° sine wave DC Inverter технологија со IntelligentAir, Super Quiet mode, Comfortable sleep mode - режими на работа 
, Eurovent сертификат, можност за Wi-Fi управување, функција на самочистење и самодијагностицирање, Auto-restart, 24hтајмер.",3 ГОДИНИ,27.990,33.990
GREE,Charmo Arctic PRO II GWH12ATCXB-K6DNA4A,ИНВЕРТЕР СПЛИТ СИСТЕМ,A++,3510/3810 W,ОД -25℃ ДО 50℃,ДО 35 м2,Функции,10 ГОДИНИ,27.990,30.990
GREE,PULAR PREMIUM GWH12AGC-K6DNA1A,ИНВЕРТЕР СПЛИТ СИСТЕМ,A++,3200/3400 W,ОД -15℃ ДО 43℃,ДО 30 м2,/,10 ГОДИНИ,27.990,33.990
TESLA,STANDARD TT51X81-18410A,СТАНДАРД СПЛИТ СИСТЕМ,A,4990/5310 W,ОД -7℃ ДО 43℃,ДО 55 м2,/,3 ГОДИНИ,28.990,29.990
VIVAX,ACP-12CH35AERI+ R32 Red,ИНВЕРТЕР СПЛИТ СИСТЕМ,A+++,3517/3810 W,ОД -25℃ ДО 50℃,ДО 35 м2,/,5 ГОДИНИ,29.990,36.990
VIVAX,ACP-12CH35AERI+ R32 Silver,ИНВЕРТЕР СПЛИТ СИСТЕМ,A+++,3517/3810 W,ОД -25℃ ДО 50℃,ДО 35 м2,/,5 ГОДИНИ,29.990,36.990
VIVAX,ACP-12CH35AERI+ R32 Gold,ИНВЕРТЕР СПЛИТ СИСТЕМ,A+++,3517/3810 W,ОД -25℃ ДО 50℃,ДО 35 м2,/,5 ГОДИНИ,29.990,36.990
HAIER,TIDE PLUS AS35TAMHRA-C/1U35YEFFRA-C,ИНВЕРТЕР СПЛИТ СИСТЕМ,A++,3200/3400 W,ОД -15℃ ДО 43℃,ДО 35 м2,"DC Inverter технологија со Intelligent Air, функција на самочистење и самодијагностицирање, можност за Wi-Fi управување, Auto-restart, 24h тајмер, оптимизиран дизајн на вентилаторот.",3 ГОДИНИ,29.990,33.990
HAIER,TUNDRA PLUS AS35TADHRA-THC/1U35MEEFRA-1,ИНВЕРТЕР СПЛИТ СИСТЕМ,A++,3600/3700 W,ОД -15℃ ДО 43℃,ДО 35 м2,"180° sine wave DC Inverter технологија со IntelligentAir, Super Quiet mode, Comfortable sleep mode - режими на работа , Eurovent сертификат, можност за Wi-Fi управување, функција на самочистење и самодијагностицирање, Auto-restart, 24hтајмер.",3 ГОДИНИ,29.990,38.990
BOSCH,CLIMATE 2000 35 WE,ИНВЕРТЕР СПЛИТ СИСТЕМ,A++,3500/3800 W,ОД -15℃ ДО 50℃,ДО 35 м2,"- Внатрешната единица може да работи исклучително тивко со ниво на бучавост од само 21 dB(A)
- Филтрите со висока густина и филтрите со ладен катализатор ја отстрануваат прашината и поленот од просторијата до 80%
- Комбинацијата на вертикални и хоризонтални перки за вентилација обезбедува рамномерна распределба на протокот на воздух",3 ГОДИНИ,30.900,36.900
VIVAX,ACP-12CH35AERI+ R32 Silver Mirror,ИНВЕРТЕР СПЛИТ СИСТЕМ,A+++,3517/3810 W,ОД -25℃ ДО 50℃,ДО 35 м2,/,5 ГОДИНИ,30.990,36.990
CARRIER,Crystal Ultra Clean Plus 42QHG009D8SU2 / 38QHG009D8SU2,ИНВЕРТЕР СПЛИТ СИСТЕМ,A++,2750/2900 W,ОД -15℃ ДО 50℃,ДО 25 м2,"Фабрички вграден Wi-Fi
Triple action filter",3 ГОДИНИ,30.990,36.990
SAMSUNG,AR12TXHQASINEU,ИНВЕРТЕР СПЛИТ СИСТЕМ,A++,3520/3810 W,ОД -15℃ ДО 46℃,ДО 35 м2,"* Тивко и пријатно работење 
* Филтер и пријатно работење",2 ГОДИНИ,31.490,34.990
TOSOT,MUSE PREMIUM TWH18AFD-K6DNA5A,ИНВЕРТЕР СПЛИТ СИСТЕМ,A++,4600/5200 W,ОД -15℃ ДО 43℃,ДО 55 м2,"Произведено од GREE. Самодијагноза, интелегентно отопување, аuto restart, нормален sleep mode,тајмер, turbo.",3 ГОДИНИ,31.990,43.990
HISENSE,UNI PURE HB35XU0AG-AS35XU0EW,ИНВЕРТЕР СПЛИТ СИСТЕМ,A+++,3200/3900 W,ОД -22℃ ДО 43℃,ДО 35 м2,5 години гаранција на компресор ( 16.10.2025-31.10.2025 ) со регистрација на https,2 ( 5 години на компресор ) ГОДИНИ,32.290,37.990
TESLA,CLASSIC TT51EX21-1832IA,ИНВЕРТЕР СПЛИТ СИСТЕМ,A++,5100/5100 W,ОД -20℃ ДО 53℃,ДО 55 м2,/,3 ГОДИНИ,32.990,
VIVAX,ACP-18CH50AEQIS R32,ИНВЕРТЕР СПЛИТ СИСТЕМ,A++,5275/5570 W,ОД -15℃ ДО 50℃,ДО 55 м2,"Висока ефикасност, прикажување на самодијагноза, индикатор за истекување на гасот за разладување, 1W standby, турбо, заштита на вентил на надворешна единица, интелегентно отопување, 12 Fan Speed, безшумна опција, двосмерен одвод на кондензат, дигитален екран.",5 ГОДИНИ,32.990,45.990
VIVAX,ACP-12CH35AEHI+ R32,ИНВЕРТЕР СПЛИТ СИСТЕМ,A+++,3517/3810 W,ОД -25℃ ДО 50℃,ДО 40 м2,/,5 ГОДИНИ,33.990,39.990
GREE,Charmo Premium GWH18ATDXB-K6DNA1A,ИНВЕРТЕР СПЛИТ СИСТЕМ,A++,4600/5200 W,ОД -15℃ ДО 43℃,ДО 50 м2,GREE компресор со магнети од ретки метали (Rare Earth Magnet) Функции,10 ГОДИНИ,33.990,39.990
VIVAX,ACP-18CH50AEGIs R32,ИНВЕРТЕР СПЛИТ СИСТЕМ,A++,5275/5568 W,ОД -10℃ ДО 50℃,ДО 55 м2,/,5 ГОДИНИ,33.990,39.990
TESLA,SELECT TT51EX81-1832IAW,ИНВЕРТЕР СПЛИТ СИСТЕМ,A++,5100/5100 W,ОД -20℃ ДО 53℃,ДО 55 м2,/,3 ГОДИНИ,33.990,
VIVAX,ACP-12CH35AEHI+ R32 GOLD,ИНВЕРТЕР СПЛИТ СИСТЕМ,A+++,3517/3810 W,ОД -25℃ ДО 50℃,ДО 40 м2,/,5 ГОДИНИ,34.990,39.990
VIVAX,ACP-12CH35AEHI+ R32 SILVER,ИНВЕРТЕР СПЛИТ СИСТЕМ,A+++,3517/3810 W,ОД -25℃ ДО 50℃,ДО 40 м2,/,5 ГОДИНИ,34.990,39.990
CARRIER,Crystal Ultra Clean Plus 42QHG012D8SU2 / 38QHG012D8SU2,ИНВЕРТЕР СПЛИТ СИСТЕМ,A++,3650/3900 W,ОД -15℃ ДО 50℃,ДО 35 м2,Фабрички вграден Wi-Fi Triple action filter,3 ГОДИНИ,34.990,41.990
VIVAX,ACP-18CH50AEMIS R32,ИНВЕРТЕР СПЛИТ СИСТЕМ,A++,5275/5570 W,ОД -15℃ ДО 50℃,ДО 55 м2,/,5 ГОДИНИ,35.990,46.990
VIVAX,ACP-12CH35AEHI+ R32 GRAY MIRROR,ИНВЕРТЕР СПЛИТ СИСТЕМ,A+++,3517/3810 W,ОД -25℃ ДО 50℃,ДО 40 м2,/,5 ГОДИНИ,35.990,39.990
AUX,Gentle Breeze ASW-H18E3A4/CAR3DI-C0,ИНВЕРТЕР СПЛИТ СИСТЕМ,A++,5400/5600 W,ОД -25℃ ДО 52℃,ДО 55 м2,"A++ / A+++ висока енергетска класа при ладење / греење (топла зона)
DC Hybrid inverter  технологија
SOFT AIR микро отвори за безосетно ладење
вграден WiFi уред за постојана контрола 
I FEEL опција со далечинско како термостат, VOICE Control, 4D Wind, UVC дезинфекција
греач во када на надворешната единица против мрзнење
опсег на работа ладење – надворешна температура од 15 ÷ 52oC
опсег на работа греење – надворешна температура од -25 ÷ 24oC",5 ГОДИНИ,36.990,
HISENSE,Energy Pro + QE35XV4EG-AS35XV4EW,ИНВЕРТЕР СПЛИТ СИСТЕМ,A+++,3500/4200 W,ОД -22℃ ДО 43℃,ДО 40 м2,5 години гаранција на компресор ( 16.10.2025-31.10.2025 ) со регистрација на https,2 ( 5 години на компресор ) ГОДИНИ,36.990,49.990
GREE,Console GEH09AAXB-K6DNA1A,ПАРАПЕТНИ/КОНЗОЛНИ,A++,2700/2900 W,ОД -22℃ ДО 43℃,ДО 25 м2,"Самодијагностика, Интелигентен Дефрост, I-Feel, Плазма филтер, вградена WiFi контрола, 8°С греење, економичен мод, Турбо функција за брзо ладење/греење, 7 Fan брзини на дување, Quiet Fan брзина.",10 ГОДИНИ,36.990,49.990
CARRIER,Superia 42QHB012D8SP / 38QHG012D8SP,ИНВЕРТЕР СПЛИТ СИСТЕМ,A++,3500/3800 W,ОД -15℃ ДО 50℃,ДО 35 м2,- Triple Filter,3 ГОДИНИ,36.990,46.990
HISENSE,EASY SMART CA50XS1AG-CA50XS1AW,ИНВЕРТЕР СПЛИТ СИСТЕМ,A++,5000/5600 W,ОД -20℃ ДО 43℃,ДО 55 м2,5 години гаранција на компресор ( 16.10.2025-31.10.2025 ) со регистрација на https,2 ( 5 години на компресор ) ГОДИНИ,36.990,42.990
GREE,CLIVIA GWH12AUCXB-K6DNA1A White,ИНВЕРТЕР СПЛИТ СИСТЕМ,A++,3510/3810 W,ОД -25℃ ДО 53℃,ДО 35 м2,Интертек сертификат,10 ГОДИНИ,36.990,39.990
GREE,Console GEH12AAXD-K6DNA1A,ПАРАПЕТНИ/КОНЗОЛНИ,A++,3520/3800 W,ОД -22℃ ДО 43℃,ДО 35 м2,"Самодијагностика, Интелигентен Дефрост, I-Feel, Плазма филтер, вградена WiFi контрола, 8°С греење, економичен мод, Турбо функција за брзо ладење/греење, 7 Fan брзини на дување, Quiet Fan брзина.",10 ГОДИНИ,37.990,49.990
VIVAX,ACP-18CH50AENI R32,ИНВЕРТЕР СПЛИТ СИСТЕМ,A++,5275/5568 W,ОД -20℃ ДО 50℃,ДО 55 м2,/,5 ГОДИНИ,37.990,45.990
GREE,CLIVIA GWH12AUCXB-K6DNA1A Blue,ИНВЕРТЕР СПЛИТ СИСТЕМ,A++,3510/3810 W,ОД -25℃ ДО 53℃,ДО 35 м2,Интертек сертификат,10 ГОДИНИ,37.990,39.990
SAMSUNG,LUZON AR12TXHZAWKNEU,ИНВЕРТЕР СПЛИТ СИСТЕМ,A++,3500/4000 W,ОД -15℃ ДО 46℃,ДО 35 м2,"* Функцијата AUTO CLEAN автоматски го стартува вентилаторот за отстранување на прашина и влага во разменувачот на топлина
* EASY Filter Plus лоциран на надворешната страна , одозгора , така што лесно може да се извлече и исчисти",2 ГОДИНИ,38.690,42.990
BOSCH,CLIMATE 3200i 35 WE,ИНВЕРТЕР СПЛИТ СИСТЕМ,A++,3500/3800 W,ОД -20℃ ДО 50℃,ДО 35 м2,"Добитник на Eurovent сертификат. Eurovent тестира и потврдува дека перформансите и техничките карактеристики на производите за климатизација се целосно усогласени со европските и светските стандарди. Eurovent Certification е светски лидер во сертификација од трети страни, со што обезбедува гаранција за перформансите на производот и гарантира дека сертифицираните производи ќе работат како што се рекламираат.",3 ГОДИНИ,38.900,44.990
CARRIER,Extreme 2 38QHG009D8SE / 42QHG009D8SE,ИНВЕРТЕР СПЛИТ СИСТЕМ,A++,2750/2900 W,ОД -20℃ ДО 50℃,ДО 25 м2,"Интегриран грејач на надворешна единица за заштита од
замрзнување.Pre Filter, Cold Catalyst, Vitamin C, Ionizer – филтрирачки систем.Вклученa UV lamp, Green Fin (9, 12).Функции Breeze Away, Follow Me, Turbo, X-Eco, Sleep и Quie.Golden Fin – антикорозивен, антибактериски слој врз топлинскиот изменувач.Wi-Fi уред вклучен во цената, Eurovent сертификат.Функција на самодијагностицирање, Auto Defrosting, Auto Restart, 24h тајмер",3 ГОДИНИ,38.990,43.990
VAILLANT,PRO VAIB1-025WN,ИНВЕРТЕР СПЛИТ СИСТЕМ,A++,2700/3000 W,ОД -15℃ ДО 50℃,ДО 25 м2,/,2 години ( 5 на сите делови ) ГОДИНИ,38.990,41.990
VAILLANT,INTRO VAIL1-030,ИНВЕРТЕР СПЛИТ СИСТЕМ,A++,3200/3400 W,ОД -15℃ ДО 43℃,ДО 35 м2,/,2 години ( 5 на компресор ) ГОДИНИ,38.990,42.990
TOSHIBA,SEIYA CLASSIC 2 RAS-B10B2KVG-Е2 / RAS-10B2AVG-E2,ИНВЕРТЕР СПЛИТ СИСТЕМ,A++,2500/3200 W,ОД -15℃ ДО 46℃,ДО 25 м2,"- A++ / А+ висока енергетска класа ладење /греење
-Нова генерација на надворешна единица
-DC Hybrid Inverter технологија
-ULTRA FRESH филтер, функција самочистење со антипрашлест филтер
-Исклучително тивка работа (дури до 19 dB)
-Опција за Wi-Fi управување (со доплата)",3 ГОДИНИ,38.990,45.990
HISENSE,Energy PRO X QH35XV4BG-AS35XV4EW,ИНВЕРТЕР СПЛИТ СИСТЕМ,A+++,3500/4200 W,ОД -22℃ ДО 43℃,ДО 40 м2,5 години гаранција на компресор ( 16.10.2025-31.10.2025 ) со регистрација на https,2 ( 5 години на компресор ) ГОДИНИ,39.990,44.990
GREE,FREE AIR GWH12AOC-K6DNA1A,ИНВЕРТЕР СПЛИТ СИСТЕМ,A++,3700/4800 W,ОД -15℃ ДО 43℃,ДО 40 м2,Eдинствениот GREE клима уред со УВ лампа и внес на свеж воздух во вашиот дом!,10 ГОДИНИ,39.990,49.990
GREE,AIRY PRO White GWH12AVCXD-K6DNA1A,ИНВЕРТЕР СПЛИТ СИСТЕМ,A+++,3500/3810 W,ОД -25℃ ДО 50℃,ДО 40 м2,"Самодијагностика, Грее-AI технологија на самоучење, Паметно Одвлажнување, (HDT)-Хибридна Дефрост Технологија, Лимитатор на Моќноста на 50%, 75%, или 100%, вградена UV-C ламба за дезинфекција на бактерии и вируси,  Интелигентен Дефрост, I-Feel, Плазма филтер, вградена WiFi контрола, Греење од 8°С до 30°С греење, Економичен мод, Турбо функција за брзо ладење/греење, 7 Fan брзини на дување, Quiet Fan брзина, Aвтоматски вертикален и хоризонтален Swing.",10 ГОДИНИ,39.990,
GREE,PULAR PREMIUM GWH18AGD-K6DNA1D,ИНВЕРТЕР СПЛИТ СИСТЕМ,A++,4600/5200 W,ОД -15℃ ДО 43℃,ДО 50 м2,/,10 ГОДИНИ,39.990,45.990
GREE,AIRY PRO Silver GWH12AVCXD-K6DNA1A,ИНВЕРТЕР СПЛИТ СИСТЕМ,A+++,3500/3810 W,ОД -25℃ ДО 50℃,ДО 40 м2,"Самодијагностика, Грее-AI технологија на самоучење, Паметно Одвлажнување, (HDT)-Хибридна Дефрост Технологија, Лимитатор на Моќноста на 50%, 75%, или 100%, вградена UV-C ламба за дезинфекција на бактерии и вируси,  Интелигентен Дефрост, I-Feel, Плазма филтер, вградена WiFi контрола, Греење од 8°С до 30°С греење, Економичен мод, Турбо функција за брзо ладење/греење, 7 Fan брзини на дување, Quiet Fan брзина, Aвтоматски вертикален и хоризонтален Swing.",10 ГОДИНИ,40.990,
GREE,AIRY PRO Black GWH12AVCXD-K6DNA1A,ИНВЕРТЕР СПЛИТ СИСТЕМ,A+++,3500/3810 W,ОД -25℃ ДО 50℃,ДО 40 м2,"Самодијагностика, Грее-AI технологија на самоучење, Паметно Одвлажнување, (HDT)-Хибридна Дефрост Технологија, Лимитатор на Моќноста на 50%, 75%, или 100%, вградена UV-C ламба за дезинфекција на бактерии и вируси,  Интелигентен Дефрост, I-Feel, Плазма филтер, вградена WiFi контрола, Греење од 8°С до 30°С греење, Eкономичен мод, Турбо функција за брзо ладење/греење, 7 Fan брзини на дување, Quiet Fan брзина, Aвтоматски вертикален и хоризонтален Swing.",10 ГОДИНИ,40.990,
GREE,S Nordic GWH09APAXE-K6DNA3A,ИНВЕРТЕР СПЛИТ СИСТЕМ,A+++,2700/3600 W,ОД -30℃ ДО 43℃,ДО 30 м2,"- Eлектронски експанзионен вентил, Грејач против замрзнување на кондензот, Двореден изменувач.
- Функции",10 ГОДИНИ,40.990,46.990
GREE,AIRY PRO Gold GWH12AVCXD-K6DNA1A,ИНВЕРТЕР СПЛИТ СИСТЕМ,A+++,3500/3810 W,ОД -25℃ ДО 50℃,ДО 40 м2,"Самодијагностика, Грее-AI технологија на самоучење, Паметно Одвлажнување, (HDT)-Хибридна Дефрост Технологија, Лимитатор на Моќноста на 50%, 75%, или 100%, вградена UV-C ламба за дезинфекција на бактерии и вируси, Интелигентен Дефрост, I-Feel, Плазма филтер, вградена WiFi контрола, Греење од 8°С до 30°С греење, Економичен мод, Турбо функција за брзо ладење/греење, 7 Fan брзини на дување, Quiet Fan брзина, Aвтоматски вертикален и хоризонтален Swing.",10 ГОДИНИ,40.990,
HISENSE,WINGS PRO KB50XS1EG-KB50XS1EW,ИНВЕРТЕР СПЛИТ СИСТЕМ,A++,5000/5600 W,ОД -20℃ ДО 43℃,ДО 55 м2,5 години гаранција на компресор ( 16.10.2025-31.10.2025 ) со регистрација на https,2 ( 5 години на компресор ) ГОДИНИ,40.990,47.990
TESLA,ADVANCE TT51TP81-1832IHWT,ИНВЕРТЕР СПЛИТ СИСТЕМ,A+++,5200/5500 W,ОД -25℃ ДО 52℃,ДО 55 м2,"Функција против создавање на мувла и габи 
Функција против ‘рѓа 
Стерилизација на 56°C",3 ГОДИНИ,41.990,
HAIER,FLEXIS AS35S2SF1FA/1U35S2SM1FA,ИНВЕРТЕР СПЛИТ СИСТЕМ,A+++,3500/4200 W,ОД -20℃ ДО 43℃,ДО 40 м2,"A-PAM DC Inverter технологија со IntelligentAir, super Quiet mode, comfortable sleep mode - режими на работа, LED дисплеј во боја, Wi-Fi уред вклучен во цената, вграден Eco sensor, dry функција за одвлажување и можност за 3М Purify Filter, функција Clean Air за активно прочистување на воздухот од вируси, бактерии и прашина, функција на самочистење и самодијагностицирање, аuto-restart, Real Clock Timer.",3 ГОДИНИ,41.990,49.990
GREE,S Nordic GWH12APAXE-K6DNA3A,ИНВЕРТЕР СПЛИТ СИСТЕМ,A+++,3520/3800 W,ОД -30℃ ДО 43℃,ДО 40 м2,"Eлектронски експанзионен вентил, Грејач против замрзнување на кондензот, Двореден изменувач.
 Функции",10 ГОДИНИ,41.990,49.990
VIVAX,ACP-18CH50AERI+ R32,ИНВЕРТЕР СПЛИТ СИСТЕМ,A++,5275/5568 W,ОД -20℃ ДО 50℃,ДО 55 м2,/,5 ГОДИНИ,42.990,52.990
CARRIER,Extreme 2 38QHG012D8SE / 42QHG012D8SE,ИНВЕРТЕР СПЛИТ СИСТЕМ,A++,3650/3900 W,ОД -20℃ ДО 50℃,ДО 35 м2,"Интегриран грејач на надворешна единица за заштита од
замрзнување.Pre Filter, Cold Catalyst, Vitamin C, Ionizer – филтрирачки систем.Вклученa UV lamp, Green Fin (9, 12).Функции Breeze Away, Follow Me, Turbo, X-Eco, Sleep и Quie.Golden Fin – антикорозивен, антибактериски слој врз топлинскиот изменувач.Wi-Fi уред вклучен во цената, Eurovent сертификат.Функција на самодијагностицирање, Auto Defrosting, Auto Restart, 24h тајмер",3 ГОДИНИ,42.990,46.990
TOSHIBA,SEIYA CLASSIC 2 RAS-B13B2KVG-Е2 / RAS-13B2AVG-E2,ИНВЕРТЕР СПЛИТ СИСТЕМ,A++,3300/3600 W,ОД -15℃ ДО 46℃,ДО 35 м2,"- A++ / А+ висока енергетска класа ладење /греење -Нова генерација на надворешна единица -DC Hybrid Inverter технологија -ULTRA FRESH филтер, функција самочистење со антипрашлест филтер -Исклучително тивка работа (дури до 19 dB) -Опција за Wi-Fi управување (со доплата)",3 ГОДИНИ,42.990,48.990
SAMSUNG,CEBU AR12TXFYAWKNEU/AR12TXFYAWKXEU,ИНВЕРТЕР СПЛИТ СИСТЕМ,A++,3500/3500 W,ОД -15℃ ДО 46℃,ДО 35 м2,"* Функцијата на вештачка интелегенција ( AI ) го анализира и помни начинот на употреба на единицата на корисникот и автоматски го користи режимот кој најмногу одговара на тековната сотојба , земајќи во предвид внатрешната и надворешната температура , посакуваната температура и времето на работа.
* Интегриран WI-FI",2 ГОДИНИ,43.640,48.490
TESLA,ADVANCE TT51TP91-1832IHWT,ИНВЕРТЕР СПЛИТ СИСТЕМ,A++,5100/5800 W,ОД -25℃ ДО 53℃,ДО 55 м2,"Функција против создавање на мувла и габи 
Функција против ‘рѓа 
Стерилизација на 56°C",3 ГОДИНИ,43.990,
GREE,Charmo Arctic PRO II GWH18ATDXD-K6DNA4A,ИНВЕРТЕР СПЛИТ СИСТЕМ,A++,5300/5600 W,ОД -25℃ ДО 50℃,ДО 55 м2,Функции,10 ГОДИНИ,43.990,49.990
VAILLANT,PRO VAIB1-035WN,ИНВЕРТЕР СПЛИТ СИСТЕМ,A++,3500/3800 W,ОД -15℃ ДО 50℃,ДО 35 м2,/,2 години ( 5 на сите делови ) ГОДИНИ,43.990,46.990
VIVAX,ACP-12CT35AERI+ R32,ПАРАПЕТНИ/КОНЗОЛНИ,A++,3520/3810 W,ОД -20℃ ДО 50℃,ДО 40 м2,"Двоен издувен воздух
Подните сплит ситеми имаат издувни гасови на две
страни за уште поефикасно загревање и ладење.
Дефлекторите интелигентно го насочуваат ладниот
воздух нагоре и топлиот воздух надолу, за брзо и
ефикасно поставување на совршената температура
без да дува воздух директно кон луѓето присутни
во просторијата.",5 ГОДИНИ,44.990,59.990
HAIER,TUNDRA PLUS AS50TDDHRA-THC/1U50MEMFRA-C,ИНВЕРТЕР СПЛИТ СИСТЕМ,A++,5000/5200 W,ОД -15℃ ДО 43℃,ДО 60 м2,"180° sine wave DC Inverter технологија со IntelligentAir, Super Quiet mode, Comfortable sleep mode - режими на работа , Eurovent сертификат, можност за Wi-Fi управување, функција на самочистење и самодијагностицирање, Auto-restart, 24hтајмер.",3 ГОДИНИ,44.990,55.990
TOSOT,MUSE EXTREME LCLH TWH18AFD-K6DNA5I,ИНВЕРТЕР СПЛИТ СИСТЕМ,A++,5200/5600 W,ОД -25℃ ДО 50℃,ДО 55 м2,"Произведено од GREE. Самодијагноза, Интелегентно отопување, Аuto restart, I Feel фунција, Нормален Sleep Mode,Тајмер, Турбо.",3 ГОДИНИ,45.990,57.990
HITACHI,RAK-DJ35PHAE/RAC-DJ35PHAE,ИНВЕРТЕР СПЛИТ СИСТЕМ,A++,3500/4200 W,ОД -15℃ ДО 50℃,ДО 40 м2,/,2 ГОДИНИ,45.990,49.990
TESLA,SELECT TT68EX81-2432IAW,ИНВЕРТЕР СПЛИТ СИСТЕМ,A++,6810/6870 W,ОД -20℃ ДО 53℃,ДО 75 м2,/,3 ГОДИНИ,45.990,
VIVAX,ACP-18CH50AERI+ R32 Silver Mirror,ИНВЕРТЕР СПЛИТ СИСТЕМ,A++,5275/5568 W,ОД -20℃ ДО 50℃,ДО 55 м2,/,5 ГОДИНИ,46.990,52.990
HAIER,AS50RCBHRA / 1U50MERFRA Revive,ИНВЕРТЕР СПЛИТ СИСТЕМ,A++,4800/4800 W,ОД -15℃ ДО 43℃,ДО 55 м2,"- Фабрички вграден hOn Wi-Fi - Tивок режим на работа (18dB) - Coanda Plus технологија за рамномерна дистрибуција на воздухот - Super Quiet mode, Comfortable sleep mode, Aнтибактериски филтер - Модерниот дизајн дава можност за многу брза и прецизна инсталација",3 ГОДИНИ,46.990,
FUJITSU,ASYG-12KPCA / AOYG-12KPCA,ИНВЕРТЕР СПЛИТ СИСТЕМ,A++,3400/3800 W,ОД -15℃ ДО 46℃,ДО 35 м2,/,2 ГОДИНИ,47.490,
MITSUBISHI,Heavy Standard  SRK25ZSP-W,ИНВЕРТЕР СПЛИТ СИСТЕМ,A++,2500/2800 W,ОД -15℃ ДО 46℃,ДО 25 м2,Компактниот дизајн на ZSP серијата ги прави перфектини за мали простори како што се спални соби и детски соби.,3 ГОДИНИ,47.690,
BOSCH,CLIMATE 4000i 35 WE,ИНВЕРТЕР СПЛИТ СИСТЕМ,A++,3500/3800 W,ОД -21℃ ДО 50℃,ДО 35 м2,"- Греач на компресор и греач во садот за кондензат
- I-clean’ функција, го загрева воздухот во испарувачот до 56 °C и на тој начин ги отстранува штетните бактерии
- ‘Wind avoid me’, избегнете воздухот да дува директно врз вас
- ‘Follow me’  преку сензор во далечинскиот управувач ја мери температурата во областа каде се наоѓа далечинскиот управувач
- ‘Gear’ режим, за заштеда на енергија, можни се три брзини на вентилаторот
- ‘8°C heating’ mode, заштита од смрзнување внатре во просторијата, одржувајќи температура од +8°C
- Работа во режим на ладење при ниски надворешни температури (на пр. во сервер соби)",3 ГОДИНИ,47.900,56.900
GREE,FAIRY PREMIUM Black GWH18ACD-K6DNA1I,ИНВЕРТЕР СПЛИТ СИСТЕМ,A++,5200/5600 W,ОД -25℃ ДО 50℃,ДО 60 м2,"SMART DC Инвертер со G10 технологија, патент на ГРЕЕ
GREE компресор со магнети од ретки метали (Rare Earth Magnet)
Двореден топлински изменувач во надворешната единица
EEV – Eлектронски експанзионен вентил, Грејач за одмрзнување на кондензат
Функции",10 ГОДИНИ,47.990,61.990
VIVAX,ACP-18CH50AEHI+ R32,ИНВЕРТЕР СПЛИТ СИСТЕМ,A++,5275/5569 W,ОД -25℃ ДО 50℃,ДО 55 м2,/,5 ГОДИНИ,47.990,52.990
GREE,FAIRY PREMIUM PLUS GWH18ACDXF-K6DNA1A,ИНВЕРТЕР СПЛИТ СИСТЕМ,A++,5300/5600 W,ОД -25℃ ДО 50℃,ДО 60 м2,"SMART DC Инвертер со G10 технологија, патент на GREE компресор со магнети од ретки метали (Rare Earth Magnet) Двореден топлински изменувач во надворешната единица EEV – Eлектронски експанзионен вентил, Грејач за одмрзнување на кондензат Функции",10 ГОДИНИ,47.990,56.990
HISENSE,ENERGY SE KA50BS0EG-KA50BS0EW,ИНВЕРТЕР СПЛИТ СИСТЕМ,A++,5000/5400 W,ОД -22℃ ДО 43℃,ДО 60 м2,5 години гаранција на компресор ( 16.10.2025-31.10.2025 ) со регистрација на https,2 ( 5 години на компресор ) ГОДИНИ,47.990,55.990
SAMSUNG,WIND FREE COMFORT AR12TXFCAWKNEU/AR12TXFCAWKXEU,ИНВЕРТЕР СПЛИТ СИСТЕМ,A++,3500/3500 W,ОД -15℃ ДО 46℃,ДО 35 м2,"* Опцијата WindFree го неутрализира директниот нацрт благодарение на 21 000 микро дупки .
* Функцијата на вештачка интелегенција ( AI ) го анализира и помни начинот на употреба на единицата на корисникот и автоматски го користи режимот кој најмногу одговара на тековната сотојба , земајќи во предвид внатрешната и надворешната температура , посакуваната температура и времето на работа.
* Интегриран WI-FI",2 ГОДИНИ,48.590,53.990
TOSHIBA,SEIYA NEW RAS-B10E2KVG-Е / RAS-10E2AVG-E,ИНВЕРТЕР СПЛИТ СИСТЕМ,A++,2500/3200 W,ОД -15℃ ДО 46℃,ДО 25 м2,"A++ висока енергетска класа ладење / греење
• DC Hybrid Inverter технологија
• ULTRA Fresh филтер, функција самочистење со антипрашест
филтер
• исклучително тивка работа (дури до 19 dB)",3 ГОДИНИ,48.990,53.990
VIVAX,ACP-18CH50AEHI+ R32 SILVER,ИНВЕРТЕР СПЛИТ СИСТЕМ,A++,5275/5569 W,ОД -25℃ ДО 50℃,ДО 55 м2,/,5 ГОДИНИ,48.990,52.990
VIVAX,ACP-18CH50AEHI+ R32 GOLD,ИНВЕРТЕР СПЛИТ СИСТЕМ,A++,5275/5569 W,ОД -25℃ ДО 50℃,ДО 55 м2,/,5 ГОДИНИ,48.990,52.990
BOSCH,CLIMATE 2000 53 WE,ИНВЕРТЕР СПЛИТ СИСТЕМ,A++,5300/5600 W,ОД -15℃ ДО 50℃,ДО 55 м2,"- Внатрешната единица може да работи исклучително тивко со ниво на бучавост од само 21 dB(A)
- Филтрите со висока густина и филтрите со ладен катализатор ја отстрануваат прашината и поленот од просторијата до 80%
- Комбинацијата на вертикални и хоризонтални перки за вентилација обезбедува рамномерна распределба на протокот на воздух",3 ГОДИНИ,49.900,57.900
AUX,Gentle Breeze ASW-H24G3A4/CAR3DI-B9,ИНВЕРТЕР СПЛИТ СИСТЕМ,A++,7300/7300 W,ОД -25℃ ДО 52℃,ДО 70 м2,"A++ / A+++ висока енергетска класа при ладење / греење (топла зона)
DC Hybrid inverter  технологија
SOFT AIR микро отвори за безосетно ладење
вграден WiFi уред за постојана контрола 
I FEEL опција со далечинско како термостат, VOICE Control, 4D Wind, UVC дезинфекција
греач во када на надворешната единица против мрзнење
опсег на работа ладење – надворешна температура од 15 ÷ 52oC
опсег на работа греење – надворешна температура од -25 ÷ 24oC",5 ГОДИНИ,49.990,
TOSOT,Nordic Pro TWH12YD-S6DBA2A,ИНВЕРТЕР СПЛИТ СИСТЕМ,A+++,3530/4200 W,ОД -30℃ ДО 52℃,ДО 45 м2,"Произведено од GREE. Самодијагноза, Интелегентно отопување, Аuto restart, I Feel фунција, Нормален Sleep Mode,Тајмер, Турбо.",3 ГОДИНИ,49.990,63.990
TOSHIBA,SEIYA NEW RAS-B13E2KVG-Е / RAS-13E2AVG-E,ИНВЕРТЕР СПЛИТ СИСТЕМ,A++,3300/3600 W,ОД -15℃ ДО 46℃,ДО 35 м2,"A++ висока енергетска класа ладење / греење • DC Hybrid Inverter технологија • ULTRA Fresh филтер, функција самочистење со антипрашест филтер • исклучително тивка работа (дури до 19 dB)",3 ГОДИНИ,49.990,54.990
VIVAX,ACP-18CH50AEHI+ R32 GRAY MIRROR,ИНВЕРТЕР СПЛИТ СИСТЕМ,A++,5275/5569 W,ОД -25℃ ДО 50℃,ДО 55 м2,/,5 ГОДИНИ,49.990,55.990
GREE,Console GEH18AAXF-K6DNA1A,ПАРАПЕТНИ/КОНЗОЛНИ,A++,5200/5330 W,ОД -22℃ ДО 43℃,ДО 55 м2,"Самодијагностика, Интелигентен Дефрост, I-Feel, Плазма филтер, вградена WiFi контрола, 8°С греење, економичен мод, Турбо функција за брзо ладење/греење, 7 Fan брзини на дување, Quiet Fan брзина.",10 ГОДИНИ,49.990,61.990
CARRIER,Crystal Ultra Clean Plus 42QHG018D8SU2 / 38QHG018D8SU2,ИНВЕРТЕР СПЛИТ СИСТЕМ,A++,5280/5700 W,ОД -15℃ ДО 50℃,ДО 55 м2,Фабрички вграден Wi-Fi Triple action filter,3 ГОДИНИ,49.990,61.990
GREE,AMBER NORDIC -30 GWH12YD-S6DBA2A,ИНВЕРТЕР СПЛИТ СИСТЕМ,A+++,3530/4200 W,ОД -30℃ ДО 52℃,ДО 45 м2,"Aвтоматско работење, вентилатор, нормален мод за спиење, вертикална и хоризонтална авто нишалка, auto fan, тивок мод на работа, i-feel функција, интелигентно одмрзнување, auto restart, турбо, self дијагностика, превенција од ладен воздух, тајмер, турбо копче, intelligent auto restast, dehumidifying, 3D проток на воздух, two-stage compressor заклучување, lcd (back light), led, интелигентно предзагревање, штедење на енергија, режим на греење (8°C), турбо ладење, низок напон на стартување.",10 ГОДИНИ,49.990,65.990
HAIER,Console 09 AF25S2SD1FA/1U25S2SM1FA,ПАРАПЕТНИ/КОНЗОЛНИ,A++,2500/3000 W,ОД -15℃ ДО 43℃,ДО 25 м2,"180° sine wave DC Inverter технологија со Intelligent Air
Super Quiet mode, Comfortable sleep mode, Turbo mode
3D Air flow, антипрашест филтер, функција на одвлажување, Греење во подот - долна зона, елегантен дизајн, тивка работа
Функција на самочистење и самодијагностицирање, Auto-restart, 24h тајмер, 56°C стерелизација.",3 ГОДИНИ,50.990,
AUX,AUCO-H12/4DR3HA / AL-H12/NDR3HB2,ПАРАПЕТНИ/КОНЗОЛНИ,A++,3500/3500 W,ОД -25℃ ДО 52℃,ДО 35 м2,"A++ / A+ висока енергетска класа при ладење / греење
избор за греење во подот - долна зона со ефект на подно греење или горна зона според потребите на корисникот
целосен филтрирачки систем со подолг период на филтрација
вграден WiFi уред за постојана контрола 
греач во када на надворешната единица против мрзнење
опсег на работа ладење – надворешна температура од 15 ÷ 52oC
опсег на работа греење – надворешна температура од -25 ÷ 24oC",5 ГОДИНИ,51.500,
HISENSE,UNI PURE HB50BP0AG-AS50BP0EW,ИНВЕРТЕР СПЛИТ СИСТЕМ,A++,5000/5600 W,ОД -22℃ ДО 43℃,ДО 55 м2,5 години гаранција на компресор ( 16.10.2025-31.10.2025 ) со регистрација на https,2 ( 5 години на компресор ) ГОДИНИ,52.990,59.990
HAIER,Console 12 AF35S2SD1FA/1U35S2SM1FA,ПАРАПЕТНИ/КОНЗОЛНИ,A++,3400/3500 W,ОД -15℃ ДО 43℃,ДО 35 м2,"180° sine wave DC Inverter технологија со Intelligent Air Super Quiet mode, Comfortable sleep mode, Turbo mode 3D Air flow, антипрашест филтер, функција на одвлажување, Греење во подот - долна зона, елегантен дизајн, тивка работа Функција на самочистење и самодијагностицирање, Auto-restart, 24h тајмер, 56°C стерелизација.",3 ГОДИНИ,52.990,
GREE,PULAR PREMIUM GWH24AGD-K6DNA1C,ИНВЕРТЕР СПЛИТ СИСТЕМ,A++,6200/6500 W,ОД -15℃ ДО 43℃,ДО 65 м2,/,10 ГОДИНИ,53.990,61.990
GREE,Charmo Premium GWH24ATDXE-K6DNA1A,ИНВЕРТЕР СПЛИТ СИСТЕМ,A++,6200/6500 W,ОД -15℃ ДО 43℃,ДО 65 м2,GREE компресор со магнети од ретки метали (Rare Earth Magnet) Функции,10 ГОДИНИ,53.990,
MITSUBISHI,Heavy Standard  SRK35ZSP-W,ИНВЕРТЕР СПЛИТ СИСТЕМ,A++,3200/3600 W,ОД -15℃ ДО 46℃,ДО 35 м2,Компактниот дизајн на ZSP серијата ги прави перфектини за мали простори како што се спални соби и детски соби.,3 ГОДИНИ,54.590,
VIVAX,ACP-24CH70AEQIS R32,ИНВЕРТЕР СПЛИТ СИСТЕМ,A++,7034/7330 W,ОД -15℃ ДО 50℃,ДО 75 м2,"Висока ефикасност, прикажување на самодијагноза, индикатор за истекување на гасот за разладување, 1W standby, турбо, заштита на вентил на надворешна единица, интелегентно отопување, 12 Fan Speed, безшумна опција, двосмерен одвод на кондензат, дигитален екран.",5 ГОДИНИ,54.990,59.990
FUJITSU,ASYG-12KMCE / AOYG-12KMCC,ИНВЕРТЕР СПЛИТ СИСТЕМ,A++,3400/4000 W,ОД -15℃ ДО 46℃,ДО 40 м2,/,2 ГОДИНИ,54.990,
VIVAX,ACP-24CH70AEMIS R32,ИНВЕРТЕР СПЛИТ СИСТЕМ,A++,7034/7330 W,ОД -15℃ ДО 50℃,ДО 75 м2,"Висока ефикасност, самодијагноза, 1W standby, заштита на вентил надворешна единица, 12 Fan Speed, self cleaning, индикатор за истекување на гасот за разладување, безшумна операција, двосмерен одвод на кондензат, дигитален екран, sleep mode, тајмер, интелегентно отопување, memory функција, турбо, Wi-Fi ready.",5 ГОДИНИ,54.990,59.990
TOSHIBA,SEIYA CLASSIC 2 RAS-B16B2KVG-Е2 / RAS-16B2AVG-E2,ИНВЕРТЕР СПЛИТ СИСТЕМ,A++,4200/5000 W,ОД -15℃ ДО 46℃,ДО 50 м2,"- A++ / А+ висока енергетска класа ладење /греење -Нова генерација на надворешна единица -DC Hybrid Inverter технологија -ULTRA FRESH филтер, функција самочистење со антипрашлест филтер -Исклучително тивка работа (дури до 19 dB) -Опција за Wi-Fi управување (со доплата)",3 ГОДИНИ,54.990,59.990
DAIKIN,SENSIRA FTXF25D/RXF25D,ИНВЕРТЕР СПЛИТ СИСТЕМ,A++,2500/2800 W,ОД -15℃ ДО 46℃,ДО 25 м2,"Економичен режим, комфорт проток на воздух, моќен режим на работа, 24 часовен тајмер,беззвучна работа на внатрешната единица, онлајн контролер (опционално)- управување на внатрешната единица преку мобилна аплиакција од било каде, преку локална мрежа или интернет.",3 ГОДИНИ,55.450,
HISENSE,EASY SMART CA70BT1AG-CA70BT1AW,ИНВЕРТЕР СПЛИТ СИСТЕМ,A++,6500/7100 W,ОД -20℃ ДО 43℃,ДО 70 м2,5 години гаранција на компресор ( 16.10.2025-31.10.2025 ) со регистрација на https,2 ( 5 години на компресор ) ГОДИНИ,55.990,
SAMSUNG,LUZON AR18TXHZAWKNEU/AR18TXHZAWKXEU,ИНВЕРТЕР СПЛИТ СИСТЕМ,A++,5000/6000 W,ОД -15℃ ДО 46℃,ДО 60 м2,"* Функцијата AUTO CLEAN автоматски го стартува вентилаторот за отстранување на прашина и влага во разменувачот на топлина 
* EASY Filter Plus лоциран на надворешната страна , одозгора , така што лесно може да се извлече и исчисти",2 ГОДИНИ,56.240,62.490
CARRIER,XPower 42QZY012D8S/38QUS012D8S-1,ПАРАПЕТНИ/КОНЗОЛНИ,A++,3700/4050 W,ОД -15℃ ДО 50℃,ДО 40 м2,-Функции,3 ГОДИНИ,56.990,
VAILLANT,PRO VAIB1-050WN,ИНВЕРТЕР СПЛИТ СИСТЕМ,A++,5300/5600 W,ОД -15℃ ДО 50℃,ДО 55 м2,/,2 години ( 5 на сите делови ) ГОДИНИ,56.990,72.990
GREE,CLIVIA GWH18AUDXD-K6DNA1A White,ИНВЕРТЕР СПЛИТ СИСТЕМ,A++,5300/5350 W,ОД -25℃ ДО 50℃,ДО 55 м2,Интертек сертификат,10 ГОДИНИ,56.990,59.990
VIVAX,ACP-18CT50AERI+ R32,ПАРАПЕТНИ/КОНЗОЛНИ,A++,5000/4980 W,ОД -20℃ ДО 50℃,ДО 55 м2,"Двоен издувен воздух Подните сплит ситеми имаат издувни гасови на две страни за уште поефикасно загревање и ладење. Дефлекторите интелигентно го насочуваат ладниот воздух нагоре и топлиот воздух надолу, за брзо и ефикасно поставување на совршената температура без да дува воздух директно кон луѓето присутни во просторијата.",5 ГОДИНИ,57.990,
GREE,CLIVIA GWH18AUDXD-K6DNA1A Blue,ИНВЕРТЕР СПЛИТ СИСТЕМ,A++,5300/5350 W,ОД -25℃ ДО 50℃,ДО 55 м2,Интертек сертификат,10 ГОДИНИ,57.990,59.990
AUX,AUCA-H18/NDR3HY2A / AL-H18/NDR3HB2,КАСЕТНИ СПЛИТ СИСТЕМ,A++,5280/5600 W,ОД -15℃ ДО 52℃,ДО 55 м2,"А++/А++ енергетска класа на ладење и греење
сите касетни единици имаат вградена пумпа за кондензат (1200mm) за голема флексибилност при монтажа 
рамномерна 4-страна дистрибуција на воздухот
опција за WiFi со доплата
twin rotary GMCC компресор
греач на компресор и во када на кондензатор против мрзнење
опсег на работа ладење – надворешна температура од -15 ÷ 52oC
опсег на работа греење – надворешна температура од -15 ÷ 24oC
гаранција 24 месеци",2 ГОДИНИ,58.500,
BOSCH,CLIMATE 3200i 53 WE,ИНВЕРТЕР СПЛИТ СИСТЕМ,A++,5600/5300 W,ОД -20℃ ДО 50℃,ДО 55 м2,"Добитник на Eurovent сертификат. Eurovent тестира и потврдува дека перформансите и техничките карактеристики на производите за климатизација се целосно усогласени со европските и светските стандарди. Eurovent Certification е светски лидер во сертификација од трети страни, со што обезбедува гаранција за перформансите на производот и гарантира дека сертифицираните производи ќе работат како што се рекламираат.",3 ГОДИНИ,58.900,63.900
VIVAX,ACP-12CC35AERI+ R32,КАСЕТНИ СПЛИТ СИСТЕМ,A++,3520/3810 W,ОД -20℃ ДО 50℃,ДО 35 м2,"Посебно дизајниран 360° Air Flow панел, висока ефикасност, прикажување на самодијагноза, 1W standby, заштита на вентил на надворешна единица, греачи на компресор и кондензатор, пумпа за одвод на кондензот, memory функција, sleep mode, self cleaning, 12 Fan Speed, auto swing, жичен управувач.",5 ГОДИНИ,58.990,
HAIER,FLEXIS AS50S2SF1FA/1U50S2SJFA,ИНВЕРТЕР СПЛИТ СИСТЕМ,A++,5200/6000 W,ОД -20℃ ДО 43℃,ДО 60 м2,"A-PAM DC Inverter технологија со IntelligentAir, super Quiet mode, comfortable sleep mode - режими на работа, LED дисплеј во боја, Wi-Fi уред вклучен во цената, вграден Eco sensor, dry функција за одвлажување и можност за 3М Purify Filter, функција Clean Air за активно прочистување на воздухот од вируси, бактерии и прашина, функција на самочистење и самодијагностицирање, аuto-restart, Real Clock Timer.",3 ГОДИНИ,58.990,61.990
MITSUBISHI,Heavy Premium  SRK25ZS-W,ИНВЕРТЕР СПЛИТ СИСТЕМ,A+++,2500/3200 W,ОД -20℃ ДО 46℃,ДО 25 м2,ZS серијата нуди елегантен безвремен дизајн кој што одлично се вклопува во мали и средни дневни соби.,3 ГОДИНИ,59.990,
VIVAX,ACP-12CH35AEYIs R32,ИНВЕРТЕР СПЛИТ СИСТЕМ,A+++,3517/4250 W,ОД -32℃ ДО 50℃,ДО 45 м2,"Висока ефикасност, јонизатор, ЕСО mode, 1W standby, детектор за движење, контрола за влажност на воздухот, самодијагноза, тајмер, безшумна опција, греач на компресор, греач на кондензатор, дигитален екран, интелигентно одмрзнување, 3D airflow, двосмерен одвод на кондензат, турбо, sleep mode, self cleaning, 12 Fan Speed, заштита на вентил надворешна единица, iFeel фунција, louver position memory function, turbo фунција, memory функција, комплетно вградена Wi-Fi функција!",5 ГОДИНИ,59.990,
TOSHIBA,SUPER DAISEIKAI 9 RAS-10PKVPG-E,ИНВЕРТЕР СПЛИТ СИСТЕМ,A+++,2500/3200 W,ОД -15℃ ДО 46℃,ДО 30 м2,"Најнова Toshiba TWIN ROTTARY компресорска технологија, 3D Air Flow, On-demand defrosting, плазма јонизирачки филтер, неделен и дневен тајмер, Colored LED (син/црвен) диспеј, нов систем на дување и тивка работа, EUROVENT серттификат за квалитет.",3 ГОДИНИ,59.990,89.990
TOSHIBA,SEIYA NEW RAS-B16E2KVG-Е / RAS-16E2AVG-E,ИНВЕРТЕР СПЛИТ СИСТЕМ,A++,4200/5000 W,ОД -15℃ ДО 46℃,ДО 50 м2,"A++ висока енергетска класа ладење / греење • DC Hybrid Inverter технологија • ULTRA Fresh филтер, функција самочистење со антипрашест филтер • исклучително тивка работа (дури до 19 dB)",3 ГОДИНИ,59.990,69.990
VIVAX,ACP-12DT35AERI+ R32,КАНАЛНИ СИСТЕМИ,A++,3520/3810 W,ОД -20℃ ДО 50℃,ДО 35 м2,/,5 ГОДИНИ,59.990,
TOSHIBA,SEIYA RAS-B16J2KVG-E / RAS-16E2AVG-E,ИНВЕРТЕР СПЛИТ СИСТЕМ,A++,4200/5000 W,ОД -15℃ ДО 46℃,ДО 50 м2,"DC Hybrid Inverter технологија, функција самочистење со антипрашлест филтер, опција за далечински управувач тип RB-RXS30-E со многу други дополнителни можности и функции (со доплата), EUROVENT серттификат за квалитет.",3 ГОДИНИ,59.990,64.990
GREE,SOYAL GWH12AKC-K6DNA1A,ИНВЕРТЕР СПЛИТ СИСТЕМ,A+++,3530/4200 W,ОД -25℃ ДО 52℃,ДО 45 м2,/,10 ГОДИНИ,59.990,65.990
GREE,AIRY PRO White GWH18AVDXE-K6DNA1A,ИНВЕРТЕР СПЛИТ СИСТЕМ,A++,5300/5600 W,ОД -25℃ ДО 50℃,ДО 60 м2,"Самодијагностика, Грее-AI технологија на самоучење, Паметно Одвлажнување, (HDT)-Хибридна Дефрост Технологија, Лимитатор на Моќноста на 50%, 75%, или 100%, вградена UV-C ламба за дезинфекција на бактерии и вируси,  Интелигентен Дефрост, I-Feel, Плазма филтер, вградена WiFi контрола, Греење од 8°С до 30°С греење, Eкономичен мод, Турбо функција за брзо ладење/греење, 7 Fan брзини на дување, Quiet Fan брзина, Aвтоматски вертикален и хоризонтален Swing.",10 ГОДИНИ,59.990,
CARRIER,Legacy 42QHC022D8LS/38QHC022D8LS,ИНВЕРТЕР СПЛИТ СИСТЕМ,A++,4200/5500 W,ОД -15℃ ДО 46℃,ДО 55 м2,"-3D DC Inverter Toshiba Carrier компресорска технологија.
-Функција Follow Me и Eco, Sleep, Silent режими на работа, Auto Defrosting.
-„5 action filter”– (HEPA, Cold Catalyst, PreFilter, Vitamin C, Anion филтер).
-Oпција за Wi-Fi управување (со доплата).",3 ГОДИНИ,59.990,69.990
GREE,S Nordic GWH18APAXH-K6DNA3A,ИНВЕРТЕР СПЛИТ СИСТЕМ,A++,5300/5600 W,ОД -30℃ ДО 43℃,ДО 60 м2,"Eлектронски експанзионен вентил, Грејач против замрзнување на кондензот, Двореден изменувач.
 Функции",10 ГОДИНИ,59.990,69.990
CARRIER,Crystal Ultra Clean Plus 42QHG024D8SU2 / 38QHG024D8SU2,ИНВЕРТЕР СПЛИТ СИСТЕМ,A++,7040/7500 W,ОД -15℃ ДО 50℃,ДО 75 м2,Фабрички вграден Wi-Fi Triple action filter,3 ГОДИНИ,59.990,73.990
DAIKIN,SENSIRA FTXF35D/RXF35D,ИНВЕРТЕР СПЛИТ СИСТЕМ,A++,3300/3500 W,ОД -15℃ ДО 46℃,ДО 35 м2,"Економичен режим, комфорт проток на воздух, моќен режим на работа, 24 часовен тајмер,беззвучна работа на внатрешната единица, онлајн контролер (опционално)- управување на внатрешната единица преку мобилна аплиакција од било каде, преку локална мрежа или интернет.",3 ГОДИНИ,60.800,
HISENSE,WINGS PRO KB70BT1EG-KB70BT1EW,ИНВЕРТЕР СПЛИТ СИСТЕМ,A++,6500/7100 W,ОД -20℃ ДО 43℃,ДО 70 м2,5 години гаранција на компресор ( 16.10.2025-31.10.2025 ) со регистрација на https,2 ( 5 години на компресор ) ГОДИНИ,60.990,
GREE,AIRY PRO Silver GWH18AVDXE-K6DNA1A,ИНВЕРТЕР СПЛИТ СИСТЕМ,A++,5300/5600 W,ОД -25℃ ДО 50℃,ДО 60 м2,"Самодијагностика, Грее-AI технологија на самоучење, Паметно Одвлажнување, (HDT)-Хибридна Дефрост Технологија, Лимитатор на Моќноста на 50%, 75%, или 100%, вградена UV-C ламба за дезинфекција на бактерии и вируси,  Интелигентен Дефрост, I-Feel, Плазма филтер, вградена WiFi контрола, Греење од 8°С до 30°С греење, Економичен мод, Турбо функција за брзо ладење/греење, 7 Fan брзини на дување, Quiet Fan брзина, Aвтоматски вертикален и хоризонтален Swing.",10 ГОДИНИ,60.990,
GREE,AIRY PRO Black GWH18AVDXE-K6DNA1A,ИНВЕРТЕР СПЛИТ СИСТЕМ,A++,5300/5600 W,ОД -25℃ ДО 50℃,ДО 60 м2,"Самодијагностика, Грее-AI технологија на самоучење, Паметно Одвлажнување, (HDT)-Хибридна Дефрост Технологија, Лимитатор на Моќноста на 50%, 75%, или 100%, вградена UV-C ламба за дезинфекција на бактерии и вируси,  Интелигентен Дефрост, I-Feel, Плазма филтер, вградена WiFi контрола, Греење од 8°С до 30°С греење, Економичен мод, Турбо функција за брзо ладење/греење, 7 Fan брзини на дување, Quiet Fan брзина, Aвтоматски вертикален и хоризонтален Swing.",10 ГОДИНИ,60.990,
GREE,AIRY PRO Gold GWH18AVDXE-K6DNA1A,ИНВЕРТЕР СПЛИТ СИСТЕМ,A++,5300/5600 W,ОД -25℃ ДО 50℃,ДО 55 м2,"Самодијагностика, Грее-AI технологија на самоучење, Паметно Одвлажнување, (HDT)-Хибридна Дефрост Технологија, Лимитатор на Моќноста на 50%, 75%, или 100%, вградена UV-C ламба за дезинфекција на бактерии и вируси, Интелигентен Дефрост, I-Feel, Плазма филтер, вградена WiFi контрола, Греење од 8°С до 30°С греење, Eкономичен мод, Турбо функција за брзо ладење/греење, 7 Fan брзини на дување, Quiet Fan брзина, Aвтоматски вертикален и хоризонтален Swing.",10 ГОДИНИ,60.990,
AUX,AUCO-H18/4DR3HA / AL-H18/NDR3HB2,ПАРАПЕТНИ/КОНЗОЛНИ,A++,4700/5000 W,ОД -25℃ ДО 52℃,ДО 55 м2,"A++ / A+ висока енергетска класа при ладење / греење
избор за греење во подот - долна зона со ефект на подно греење или горна зона според потребите на корисникот
целосен филтрирачки систем со подолг период на филтрација
вграден WiFi уред за постојана контрола 
греач во када на надворешната единица против мрзнење
опсег на работа ладење – надворешна температура од 15 ÷ 52oC
опсег на работа греење – надворешна температура од -25 ÷ 24oC",5 ГОДИНИ,61.500,
GREE,SOYAL GWH12AKC-K6DNA1A/I Gold,ИНВЕРТЕР СПЛИТ СИСТЕМ,A+++,3530/4200 W,ОД -25℃ ДО 52℃,ДО 45 м2,/,10 ГОДИНИ,61.990,67.990
VIVAX,ACP-24CH70AERI+ R32,ИНВЕРТЕР СПЛИТ СИСТЕМ,A++,7034/7327 W,ОД -20℃ ДО 50℃,ДО 75 м2,/,5 ГОДИНИ,61.990,65.990
CARRIER,Extreme 2 38QHG018D8SE / 42QHG018D8SE,ИНВЕРТЕР СПЛИТ СИСТЕМ,A++,5280/5700 W,ОД -20℃ ДО 50℃,ДО 55 м2,"Интегриран грејач на надворешна единица за заштита од
замрзнување.Pre Filter, Cold Catalyst, Vitamin C, Ionizer – филтрирачки систем.Вклученa UV lamp, Green Fin (9, 12).Функции Breeze Away, Follow Me, Turbo, X-Eco, Sleep и Quie.Golden Fin – антикорозивен, антибактериски слој врз топлинскиот изменувач.Wi-Fi уред вклучен во цената, Eurovent сертификат.Функција на самодијагностицирање, Auto Defrosting, Auto Restart, 24h тајмер",3 ГОДИНИ,61.990,66.990
SAMSUNG,CEBU AR18TXFYAWKNEU/AR18TXFYAWKXEU,ИНВЕРТЕР СПЛИТ СИСТЕМ,A++,5000/6000 W,ОД -15℃ ДО 46℃,ДО 60 м2,"* Функцијата на вештачка интелегенција ( AI ) го анализира и помни начинот на употреба на единицата на корисникот и автоматски го користи режимот кој најмногу одговара на тековната сотојба , земајќи во предвид внатрешната и надворешната температура , посакуваната температура и времето на работа.
* Интегриран WI-FI",2 ГОДИНИ,63.890,70.990
HISENSE,UNI PURE HB70KW0AG-AS70KW0EW,ИНВЕРТЕР СПЛИТ СИСТЕМ,A++,7000/6700 W,ОД -22℃ ДО 43℃,ДО 75 м2,5 години гаранција на компресор ( 16.10.2025-31.10.2025 ) со регистрација на https,2 ( 5 години на компресор ) ГОДИНИ,63.990,69.990
GREE,Charmo Arctic PRO II GWH24ATEXF-K6DNA4A,ИНВЕРТЕР СПЛИТ СИСТЕМ,A++,7100/7800 W,ОД -25℃ ДО 50℃,ДО 80 м2,Функции,10 ГОДИНИ,63.990,69.990
TOSHIBA,SHORAI EDGE RAS-B10J2KVSG-E / RAS-10J2AVSG-E,ИНВЕРТЕР СПЛИТ СИСТЕМ,A+++,2500/3200 W,ОД -15℃ ДО 46℃,ДО 30 м2,"Функција самочистење со антипрашлест филтер,опција за IAQ антибактериски филтрирачки систем,опција за Wi-Fi управување",3 ГОДИНИ,63.990,68.990
TOSHIBA,SEIYA CLASSIC 2 RAS-B18B2KVG-Е2 / RAS-18B2AVG-E2,ИНВЕРТЕР СПЛИТ СИСТЕМ,A++,5000/5400 W,ОД -15℃ ДО 46℃,ДО 60 м2,"- A++ / А+ висока енергетска класа ладење /греење -Нова генерација на надворешна единица -DC Hybrid Inverter технологија -ULTRA FRESH филтер, функција самочистење со антипрашлест филтер -Исклучително тивка работа (дури до 19 dB) -Опција за Wi-Fi управување (со доплата)",3 ГОДИНИ,63.990,71.990
CARRIER,Platinum Plus 38QHP09E8S-1 / 42QHP09E8S-1,ИНВЕРТЕР СПЛИТ СИСТЕМ,A+++,2640/4200 W,ОД -25℃ ДО 46℃,ДО 25 м2,"А+++ / A+++ висока енергетска класа на ладење / греење,
Функции Breeze Away, Follow Me, Turbo, X-Eco, Sleep и Quiet,
Ниско ниво на бучава и “3D Air Flow ” пониска функција на протокот на воздух,
Golden Fin – антикорозивен, антибактериски слој врз топлинскиот изменувач,
Wi-Fi уред вклучен во цената, Eurovent сертификат,
Интегриран грејач на надворешна единица за заштита од
замрзнување,
Функција на самочистење, Auto Defrosting, Auto Restart,        
 24h тајмер,
Опсег на работа ладење / греење при надвор. темп. од -15 ÷ 50 oC/ -25 ÷ 24 oC.",3 ГОДИНИ,64.590,70.590
HAIER,Pearl Premium AS71PEPHRA-PRE / 1U71WEPFRA-H,ИНВЕРТЕР СПЛИТ СИСТЕМ,A++,7100/7400 W,ОД -20℃ ДО 43℃,ДО 80 м2,"twin rotary inverter компресор
Фабрички вграден Wi-Fi easy pairing, PID Control, Гласовна контрола
3 степени на ECO mode за заштеда на енергија
Super Quiet mode, Comfortable Sleep mode
UVC функција, Антибактериски филтер, Frost-Clean
Функција на самочистење и самодијагностицирање, 56oC steril clean, Auto-restart, 24hтајмер
опсег на работа ладење – надворешна температура од -20 ÷ 43oC
опсег на работа греење – надворешна температура од -20 ÷ 24oC",3 ГОДИНИ,64.990,72.990
HAIER,TUNDRA PLUS AS68TEDHRA-THC/1U68RENFRA-C,ИНВЕРТЕР СПЛИТ СИСТЕМ,A++,7000/8100 W,ОД -15℃ ДО 43℃,ДО 80 м2,"180° sine wave DC Inverter технологија со IntelligentAir, Super Quiet mode, Comfortable sleep mode - режими на работа , Eurovent сертификат, можност за Wi-Fi управување, функција на самочистење и самодијагностицирање, Auto-restart, 24hтајмер.",3 ГОДИНИ,64.990,72.990
HITACHI,RAK-DJ50PHAE/RAC-DJ50PHAE,ИНВЕРТЕР СПЛИТ СИСТЕМ,A++,5000/6000 W,ОД -15℃ ДО 50℃,ДО 60 м2,/,2 ГОДИНИ,64.990,71.990
SAMSUNG,NORDIC AIRISE AR12TXFZBWKNEE,ИНВЕРТЕР СПЛИТ СИСТЕМ,A+,4000/5000 W,ОД -30℃ ДО 46℃,ДО 45 м2,"* Греење и до -30℃ надворешна температура
* Функцијата на вештачка интелегенција ( AI ) го анализира и помни начинот на употреба на единицата на корисникот и автоматски го користи режимот кој најмногу одговара на тековната сотојба , земајќи во предвид внатрешната и надворешната температура , посакуваната температура и времето на работа.
* Интегриран WI-FI",2 ГОДИНИ,65.690,72.990
TOSOT,MUSE EXTREME LCLH TWH24AFE-K6DNA5I,ИНВЕРТЕР СПЛИТ СИСТЕМ,A++,7100/7800 W,ОД -25℃ ДО 50℃,ДО 75 м2,"Произведено од GREE. Самодијагноза, Интелегентно отопување, Аuto restart, I Feel фунција, Нормален Sleep Mode,Тајмер, Турбо.",3 ГОДИНИ,65.990,77.990
HAIER,Console AF42S2SD1FA/1U42S2SM1FA,ПАРАПЕТНИ/КОНЗОЛНИ,A++,4200/4700 W,ОД -15℃ ДО 43℃,ДО 45 м2,"180° sine wave DC Inverter технологија со Intelligent Air Super Quiet mode, Comfortable sleep mode, Turbo mode 3D Air flow, антипрашест филтер, функција на одвлажување, Греење во подот - долна зона, елегантен дизајн, тивка работа Функција на самочистење и самодијагностицирање, Auto-restart, 24h тајмер, 56°C стерелизација.",3 ГОДИНИ,65.990,
TOSHIBA,SHORAI EDGE RAS-B13J2KVSG-E / RAS-13J2AVSG-E,ИНВЕРТЕР СПЛИТ СИСТЕМ,A+++,3500/4200 W,ОД -15℃ ДО 46℃,ДО 40 м2,"ULTRA Pure филтер,  функција самочистење со антипрашлест
филтер, опција за IAQ антибактериски филтрирачки систем  
опција за Wi-Fi управување",3 ГОДИНИ,65.990,70.990
TOSHIBA,NEW SHORAI EDGE RAS-B13G3KVSG-E/RAS-13J2AVSG-E1,ИНВЕРТЕР СПЛИТ СИСТЕМ,A+++,3500/4200 W,ОД -15℃ ДО 46℃,ДО 40 м2,"Најнова Toshiba TWIN ROTARY компресорска технологија, DC хибрид инвертер технологија, Вградена WiFi контрола со следење на потрошувачка на ел.енергија, Ниво на бучава до 19(dB), Дизајнерски далечински управувач, ECO mode, Quite mode, Hi Power, 3D Air Flow, ULTRA Pure филтер - најефикасен филтер за прашина во фамилијата на производи од Toshiba",3 ГОДИНИ,65.990,78.990
TOSHIBA,HAORI RAS-B10N4KVRG-E / RAS-10J2AVSG-E1,ИНВЕРТЕР СПЛИТ СИСТЕМ,A+++,2500/3200 W,ОД -15℃ ДО 46℃,ДО 30 м2,"•	најнова Toshiba ROTARY компресорска технологија 
•	Фабрички вграден Wi-Fi уред, “on-off” тајмер и неделен тајмер
•	тивка работа на внатрешна единица (дури до 19 dB)
•	Повеќе текстилни дизајни на внатрешна единица (стандардни",3 ГОДИНИ,68.990,73.990
BOSCH,CLIMATE 4000i 52 WE,ИНВЕРТЕР СПЛИТ СИСТЕМ,A++,5200/5400 W,ОД -21℃ ДО 50℃,ДО 55 м2,"- Греач на компресор и греач во садот за кондензат - I-clean’ функција, го загрева воздухот во испарувачот до 56 °C и на тој начин ги отстранува штетните бактерии - ‘Wind avoid me’, избегнете воздухот да дува директно врз вас - ‘Follow me’ преку сензор во далечинскиот управувач ја мери температурата во областа каде се наоѓа далечинскиот управувач - ‘Gear’ режим, за заштеда на енергија, можни се три брзини на вентилаторот - ‘8°C heating’ mode, заштита од смрзнување внатре во просторијата, одржувајќи температура од +8°C - Работа во режим на ладење при ниски надворешни температури (на пр. во сервер соби)",3 ГОДИНИ,69.900,78.900
MITSUBISHI,Heavy Premium  SRK35ZS-W,ИНВЕРТЕР СПЛИТ СИСТЕМ,A+++,3500/4000 W,ОД -15℃ ДО 46℃,ДО 35 м2,ZS серијата нуди елегантен безвремен дизајн кој што одлично се вклопува во мали и средни дневни соби.,3 ГОДИНИ,69.990,
TOSOT,Nordic Pro TWH18YE-S6DBA2B,ИНВЕРТЕР СПЛИТ СИСТЕМ,A++,5300/6200 W,ОД -30℃ ДО 52℃,ДО 65 м2,"Произведено од GREE. Самодијагноза, Интелегентно отопување, Аuto restart, I Feel фунција, Нормален Sleep Mode,Тајмер, Турбо.",3 ГОДИНИ,69.990,83.990
CARRIER,Platinum Plus 38QHP12E8S-1 / 42QHP12E8S-1,ИНВЕРТЕР СПЛИТ СИСТЕМ,A+++,3520/4200 W,ОД -25℃ ДО 46℃,ДО 35 м2,"А+++ / A+++ висока енергетска класа на ладење / греење,
Функции Breeze Away, Follow Me, Turbo, X-Eco, Sleep и Quiet, Ниско ниво на бучава и “3D Air Flow ” пониска функција на протокот на воздух,
Golden Fin – антикорозивен, антибактериски слој врз топлинскиот изменувач,
Wi-Fi уред вклучен во цената, Eurovent сертификат,
Интегриран грејач на надворешна единица за заштита од
замрзнување,
Функција на самочистење, Auto Defrosting, Auto Restart, 24h тајмер,
Опсег на работа ладење / греење при надвор. темп. од -15 ÷ 50 oC/ -25 ÷ 24 oC.",3 ГОДИНИ,69.990,75.990
GREE,SOYAL GWH18AKC-K6DNA1A/I,ИНВЕРТЕР СПЛИТ СИСТЕМ,A++,5300/5600 W,ОД -25℃ ДО 52℃,ДО 60 м2,/,10 ГОДИНИ,69.990,75.990
GREE,AMBER NORDIC -30 GWH18YE-S6DBA2B,ИНВЕРТЕР СПЛИТ СИСТЕМ,A++,5300/6200 W,ОД -30℃ ДО 52℃,ДО 65 м2,"Aвтоматско работење, вентилатор, нормален мод за спиење, вертикална и хоризонтална авто нишалка, auto fan, тивок мод на работа, i-feel функција, интелигентно одмрзнување, auto restart, турбо, self дијагностика, превенција од ладен воздух, тајмер, турбо копче, intelligent auto restast, dehumidifying, 3D проток на воздух, two-stage compressor заклучување, lcd (back light), led, интелигентно предзагревање, штедење на енергија, режим на греење (8°C), турбо ладење, низок напон на стартување.",10 ГОДИНИ,69.990,85.990
VIVAX,ACP-18CC50AERI+ R32,КАСЕТНИ СПЛИТ СИСТЕМ,A++,5280/5570 W,ОД -20℃ ДО 50℃,ДО 55 м2,"Посебно дизајниран 360° Air Flow панел, дополнителен жичен управувач, висока ефикасност, прикажување на самодијагноза, 1W standby, заштита на вентил на надворешна единица, греачи на компресор и кондензатор, пумпа за одвод на кондензот, memory функција, sleep mode, self cleaning, 12 Fan Speed, auto swing.",5 ГОДИНИ,70.990,
SAMSUNG,WIND FREE COMFORT  AR18TXFCAWKNEU/AR18TXFCAWKXEU,ИНВЕРТЕР СПЛИТ СИСТЕМ,A++,5000/6000 W,ОД -15℃ ДО 46℃,ДО 60 м2,"* Опцијата WindFree го неутрализира директниот нацрт благодарение на 21 000 микро дупки .
* Функцијата на вештачка интелегенција ( AI ) го анализира и помни начинот на употреба на единицата на корисникот и автоматски го користи режимот кој најмногу одговара на тековната сотојба , земајќи во предвид внатрешната и надворешната температура , посакуваната температура и времето на работа.
* Интегриран WI-FI",2 ГОДИНИ,71.090,78.990
FUJITSU,ASYG-14KMCF / ASYG-14KMCF,ИНВЕРТЕР СПЛИТ СИСТЕМ,A++,4200/5400 W,ОД -15℃ ДО 46℃,ДО 40 м2,/,2 ГОДИНИ,71.690,
CARRIER,XPower 42QZY018D8S/38QUS018D8S-1,ПАРАПЕТНИ/КОНЗОЛНИ,A++,4900/5200 W,ОД -15℃ ДО 50℃,ДО 55 м2,-Функции,3 ГОДИНИ,71.990,
DAIKIN,SENSIRA FTXF42D/RXF42D,ИНВЕРТЕР СПЛИТ СИСТЕМ,A++,4200/4600 W,ОД -15℃ ДО 46℃,ДО 40 м2,"Економичен режим, комфорт проток на воздух, моќен режим на работа, 24 часовен тајмер,беззвучна работа на внатрешната единица, онлајн контролер (опционално)- управување на внатрешната единица преку мобилна аплиакција од било каде, преку локална мрежа или интернет.",3 ГОДИНИ,72.800,
SAMSUNG,LUZON AR24TXHZAWKNEU/WKXEU,ИНВЕРТЕР СПЛИТ СИСТЕМ,A++,6500/7400 W,ОД -15℃ ДО 46℃,ДО 70 м2,"* Функцијата AUTO CLEAN автоматски го стартува вентилаторот за отстранување на прашина и влага во разменувачот на топлина * EASY Filter Plus лоциран на надворешната страна , одозгора , така што лесно може да се извлече и исчисти",2 ГОДИНИ,74.690,82.990
VIVAX,ACP-18CF50AERI+ R32,ПАРАПЕТНИ/КОНЗОЛНИ,A++,5280/5570 W,ОД -20℃ ДО 50℃,ДО 60 м2,"Дополнителен жичен управувач, висока ефикасност, прикажување на самодијагноза, 1 W standby, заштита на вентил надворешна средина, опсег на оперативно работно греење (-15 °C), опсег на оперативно работно ладење (-15 °C), 12 fan speed.",5 ГОДИНИ,74.990,
TOSHIBA,SHORAI EDGE RAS-B16J2KVSG-E / RAS-16J2AVSG-E,ИНВЕРТЕР СПЛИТ СИСТЕМ,A++,4600/5500 W,ОД -15℃ ДО 46℃,ДО 55 м2,"ECO mode, Quite mode, Hi Power, 3D Air Flow                 
ULTRA Pure филтер,  функција самочистење со антипрашлест
филтер, опција за IAQ антибактериски филтрирачки систем  
опција за Wi-Fi управување",3 ГОДИНИ,74.990,80.990
MITSUBISHI,Heavy Standard  SRK45ZSP-W,ИНВЕРТЕР СПЛИТ СИСТЕМ,A++,4500/5000 W,ОД -15℃ ДО 46℃,ДО 50 м2,Компактниот дизајн на ZSP серијата ги прави перфектини за мали простори како што се спални соби и детски соби.,3 ГОДИНИ,75.490,
CARRIER,Extreme 2 38QHG024D8SE / 42QHG024D8SE,ИНВЕРТЕР СПЛИТ СИСТЕМ,A++,7040/7500 W,ОД -20℃ ДО 50℃,ДО 80 м2,"Интегриран грејач на надворешна единица за заштита од
замрзнување.Pre Filter, Cold Catalyst, Vitamin C, Ionizer – филтрирачки систем.Вклученa UV lamp, Green Fin (9, 12).Функции Breeze Away, Follow Me, Turbo, X-Eco, Sleep и Quie.Golden Fin – антикорозивен, антибактериски слој врз топлинскиот изменувач.Wi-Fi уред вклучен во цената, Eurovent сертификат.Функција на самодијагностицирање, Auto Defrosting, Auto Restart, 24h тајмер",3 ГОДИНИ,75.990,79.990
FUJITSU,ASYG-18KLCA / AOYG-18KLTA,ИНВЕРТЕР СПЛИТ СИСТЕМ,A++,5200/6300 W,ОД -15℃ ДО 46℃,ДО 60 м2,/,2 ГОДИНИ,75.990,
TOSHIBA,SEIYA CLASSIC 2 RAS-B24B2KVG-Е2 / RAS-24B2AVG-E2,ИНВЕРТЕР СПЛИТ СИСТЕМ,A++,6500/7000 W,ОД -15℃ ДО 46℃,ДО 70 м2,"- A++ / А+ висока енергетска класа ладење /греење -Нова генерација на надворешна единица -DC Hybrid Inverter технологија -ULTRA FRESH филтер, функција самочистење со антипрашлест филтер -Исклучително тивка работа (дури до 19 dB) -Опција за Wi-Fi управување (со доплата) -Најнова Toshiba ROTARY (twin rotary за 24 модел) компресорска технологија",3 ГОДИНИ,75.990,82.990
GREE,FAIRY PREMIUM GWH24ACE-K6DNA1I,ИНВЕРТЕР СПЛИТ СИСТЕМ,A++,7100/7800 W,ОД -25℃ ДО 50℃,ДО 75 м2,"SMART DC Инвертер со G10 технологија, патент на ГРЕЕ GREE компресор со магнети од ретки метали (Rare Earth Magnet) Двореден топлински изменувач во надворешната единица EEV – Eлектронски експанзионен вентил, Грејач за одмрзнување на кондензат Функции",10 ГОДИНИ,76.990,79.990
AUX,ALCA-H18/NDR3HAA INVERTER,КАСЕТНИ СПЛИТ СИСТЕМ,A++,5000/5600 W,ОД -15℃ ДО 52℃,ДО 55 м2,/,2 ГОДИНИ,76.990,
TOSHIBA,SEIYA NEW RAS-18JEKVG-Е / RAS-18E2AVG-E,ИНВЕРТЕР СПЛИТ СИСТЕМ,A++,5000/5400 W,ОД -15℃ ДО 46℃,ДО 60 м2,"A++ висока енергетска класа ладење / греење • DC Hybrid Inverter технологија • ULTRA Fresh филтер, функција самочистење со антипрашест филтер • исклучително тивка работа (дури до 19 dB",3 ГОДИНИ,76.990,82.990
VAILLANT,PRO VAIB1-065WN,ИНВЕРТЕР СПЛИТ СИСТЕМ,A++,7100/7800 W,ОД -15℃ ДО 50℃,ДО 75 м2,/,2 години ( 5 на сите делови ) ГОДИНИ,76.990,83.990
BOSCH,CLIMATE 2000 70 WE,ИНВЕРТЕР СПЛИТ СИСТЕМ,A++,7000/7300 W,ОД -15℃ ДО 50℃,ДО 75 м2,"- Внатрешната единица може да работи исклучително тивко со ниво на бучавост од само 21 dB(A)
- Филтрите со висока густина и филтрите со ладен катализатор ја отстрануваат прашината и поленот од просторијата до 80%
- Комбинацијата на вертикални и хоризонтални перки за вентилација обезбедува рамномерна распределба на протокот на воздух",3 ГОДИНИ,77.900,
VIVAX,ACP-18DT50AERI+ R32,КАНАЛНИ СИСТЕМИ,A++,5280/5570 W,ОД -20℃ ДО 50℃,ДО 55 м2,/,5 ГОДИНИ,77.990,
TOSHIBA,HAORI RAS-B13N4KVRG-E / RAS-13J2AVSG-E1,ИНВЕРТЕР СПЛИТ СИСТЕМ,A+++,3500/4200 W,ОД -15℃ ДО 46℃,ДО 40 м2,"•	најнова Toshiba ROTARY компресорска технологија 
•	Фабрички вграден Wi-Fi уред, “on-off” тајмер и неделен тајмер
•	тивка работа на внатрешна единица (дури до 19 dB)
•	Повеќе текстилни дизајни на внатрешна единица (стандардни",3 ГОДИНИ,78.990,83.990
GREE,AMBER PREMIUM+ GWH24YEXF-K6DNA1D,ИНВЕРТЕР СПЛИТ СИСТЕМ,A++,7100/7800 W,ОД -25℃ ДО 50℃,ДО 80 м2,"SMART DC Инвертер со G10 технологија, патент на ГРЕЕ GREE компресор со магнети од ретки метали (Rare Earth Magnet) EEV – Eлектронски експанзионен вентил, Грејач на тацна за одмрзнување на кондензат Функции",10 ГОДИНИ,79.990,
MITSUBISHI,Heavy Standard SRK50ZSP-W,ИНВЕРТЕР СПЛИТ СИСТЕМ,A++,5000/5600 W,ОД -15℃ ДО 46℃,ДО 50 м2,Компактниот дизајн на ZSP серијата ги прави перфектини за мали простори како што се спални соби и детски соби.,3 ГОДИНИ,80.990,
FUJITSU,ASYG-18KMTE / AOYG18KMTA,ИНВЕРТЕР СПЛИТ СИСТЕМ,A++,5200/6300 W,ОД -15℃ ДО 46℃,ДО 60 м2,/,2 ГОДИНИ,83.690,
DAIKIN,SENSIRA FTXF50F/RXF50F,ИНВЕРТЕР СПЛИТ СИСТЕМ,A++,5000/6000 W,ОД -15℃ ДО 46℃,ДО 60 м2,"Економичен режим, комфорт проток на воздух, моќен режим на работа, 24 часовен тајмер,беззвучна работа на внатрешната единица, онлајн контролер (опционално)- управување на внатрешната единица преку мобилна аплиакција од било каде, преку локална мрежа или интернет.",3 ГОДИНИ,84.500,
BOSCH,CLIMATE 3200i 70 WE,ИНВЕРТЕР СПЛИТ СИСТЕМ,A++,7000/7300 W,ОД -20℃ ДО 50℃,ДО 75 м2,"Добитник на Eurovent сертификат. Eurovent тестира и потврдува дека перформансите и техничките карактеристики на производите за климатизација се целосно усогласени со европските и светските стандарди. Eurovent Certification е светски лидер во сертификација од трети страни, со што обезбедува гаранција за перформансите на производот и гарантира дека сертифицираните производи ќе работат како што се рекламираат.",3 ГОДИНИ,84.900,88.900
TOSHIBA,Bi-Flow RAS-B10J2FVG-E/RAS-10J2AVSG-E,ПАРАПЕТНИ/КОНЗОЛНИ,A++,2500/3200 W,ОД -15℃ ДО 46℃,ДО 30 м2,"Греење во подот - долна зона, елегантен дизајн, тивка работа, ефикасен Pure-Flow и IAQ филтрирачки систем, функција на самочистење, EUROVENT сертификат за квалитет.",3 ГОДИНИ,84.990,
TOSHIBA,SUZUMI PLUS RAS-B22PKVSG-E/RAS-22J2AVSG-E,ИНВЕРТЕР СПЛИТ СИСТЕМ,A++,6100/7000 W,ОД -15℃ ДО 46℃,ДО 70 м2,"Најнова Toshiba TWIN ROTARY компресорска технологија нова генерација на надворешна единица, ON-DEMAND Defrost – избор на defrost/заштита од замрзнување преку далечинскo, Comfort Sleep, Quiet mode, Hi Power mode, IAQ антибактериски филтрирачки систем, функција самочистење со антипрашест филтер, можност за WiFi поврзување (со дополнителен WiFi стик 7000денари), Внатрешна единица Suzumi Plus и Надворешна единица Shorai Edge.",3 ГОДИНИ,84.990,99.990
CARRIER,Inverter XPower 42QTD018R8S / 38QUS018R8S,КАСЕТНИ СПЛИТ СИСТЕМ,A++,5200/5500 W,ОД -15℃ ДО 50℃,ДО 60 м2,"Најнова DC Hybrid inverter технологија со twin-rotary компресор, 40% заштеда на енергија во споредба со стандарден клима уред, вградена пумпа за кондензна вода, автоматски рестарт по прекин на струја, ултратенок дизајн (205mm висина) за едноставна инсталација и одржување, четиристран панел со 360° еднаква распределба на воздухот, ниско ниво на бучава, зголемен проток и ефикасност на топлинска размена, со најнова 3Д спирална технологија на вентилатор на внатрешна единица, стандарден отвор за довод на свеж воздух.",3 ГОДИНИ,86.490,
TOSHIBA,SHORAI EDGE RAS-18J2KVSG-E / RAS-18J2AVSG-E,ИНВЕРТЕР СПЛИТ СИСТЕМ,A++,5000/6000 W,ОД -15℃ ДО 46℃,ДО 60 м2,"Најнова Toshiba TWIN ROTTARY компресорска технологија ECO mode, Quite mode, Hi Power, 3D Air Flow ULTRA Pure филтер, функција самочистење со антипрашлест филтер, опција за IAQ антибактериски филтрирачки систем опција за Wi-Fi управување",3 ГОДИНИ,86.990,92.990
MITSUBISHI,Heavy Diamond SRK/SRC 20 ZSX-W,ИНВЕРТЕР СПЛИТ СИСТЕМ,A+++,2000/2700 W,ОД -20℃ ДО 46℃,ДО 20 м2,"• Елегантен безвременски дизајн.
• Висока сезонска ефикасност до A+++ во ладење и греење.
• Тивок проток на воздух и долг дофат се постигнуваат со млазна технологија.
• Операцијата за чистење на алергени го прочистува воздухот, користејќи шема за контрола во сопственост само на Mitsubishi Heavy Industries Thermal Systems.
• Безжична контрола на интерфејсот (опционално).",3 ГОДИНИ,87.990,
VIVAX,ACP-24DT70AERI+ R32,КАНАЛНИ СИСТЕМИ,A++,7030/7620 W,ОД -20℃ ДО 50℃,ДО 75 м2,/,5 ГОДИНИ,87.990,
VIVAX,ACP-24CF70AERI+ R32,ПАРАПЕТНИ/КОНЗОЛНИ,A++,7030/7620 W,ОД -20℃ ДО 50℃,ДО 80 м2,"Дополнителен жичен управувач, висока ефикасност, прикажување на самодијагноза, 1 W standby, заштита на вентил надворешна средина, опсег на оперативно работно греење (-15 °C), опсег на оперативно работно ладење (-15 °C), 12 fan speed.",5 ГОДИНИ,87.990,
TOSHIBA,HAORI RAS-B16N4KVRG-E / RAS-16J2AVSG-E1,ИНВЕРТЕР СПЛИТ СИСТЕМ,A++,4600/5500 W,ОД -15℃ ДО 46℃,ДО 55 м2,"•	Фабрички вграден Wi-Fi уред, “on-off” тајмер и неделен тајмер
•	тивка работа на внатрешна единица (дури до 19 dB)
•	Повеќе текстилни дизајни на внатрешна единица (стандардни",3 ГОДИНИ,88.990,93.990
MITSUBISHI,Heavy SRF/SRC 25 ZSX-W2,ПАРАПЕТНИ/КОНЗОЛНИ,A++,2500/2900 W,ОД -15℃ ДО 46℃,ДО 25 м2,"• Елегантниот полурамен преден панел во стилска бела боја, одговара на различни видови простории и создава релаксирачка атмосфера.
• Достапен е избор помеѓу поставување на ѕид, на под или зад галерија.
• Низок потенцијал за глобално затоплување (GWP) и висока енергетска ефикасност со новиот фреон R32.
• Тивко работење. Нивото на 25ZS-W во режимот на ладење Ulo е само 25dB(A).
• „Системот за контрола на крилцата“ им овозможува на корисниците да ги менуваат аглите и позициите на крилцата според нивните преференции. Крилцата може да се постават на различни агли.",3 ГОДИНИ,89.600,
GREE,AMBER NORDIC GWH24YE-S6DBA2A,ИНВЕРТЕР СПЛИТ СИСТЕМ,A++,7034/7034 W,ОД -30℃ ДО 54℃,ДО 80 м2,"Aвтоматско работење, вентилатор, нормален мод за спиење, вертикална и хоризонтална авто нишалка, auto fan, тивок мод на работа, i-feel функција, интелигентно одмрзнување, auto restart, турбо, self дијагностика, превенција од ладен воздух, тајмер, турбо копче, intelligent auto restast, dehumidifying, 3D проток на воздух, two-stage compressor заклучување, lcd (back light), led, интелигентно предзагревање, штедење на енергија, режим на греење (8°C), турбо ладење, низок напон на стартување.",10 ГОДИНИ,89.990,95.990
TOSHIBA,SEIYA NEW RAS-24E2KVG-Е / RAS-24E2AVG-E,ИНВЕРТЕР СПЛИТ СИСТЕМ,A++,6500/7000 W,ОД -15℃ ДО 46℃,ДО 75 м2,"A++ висока енергетска класа ладење / греење • DC Hybrid Inverter технологија • ULTRA Fresh филтер, функција самочистење со антипрашест филтер • исклучително тивка работа (дури до 19 dB",3 ГОДИНИ,90.990,96.990
TOSHIBA,Bi-Flow RAS-B13J2FVG-E/RAS-13J2AVSG-E,ПАРАПЕТНИ/КОНЗОЛНИ,A++,3500/4200 W,ОД -15℃ ДО 46℃,ДО 40 м2,"Греење во подот - долна зона, елегантен дизајн, тивка работа, ефикасен Pure-Flow и IAQ филтрирачки систем, функција на самочистење, EUROVENT сертификат за квалитет.",3 ГОДИНИ,92.990,
MITSUBISHI,Heavy Premium SRK50ZS-W,ИНВЕРТЕР СПЛИТ СИСТЕМ,A++,5000/5800 W,ОД -20℃ ДО 46℃,ДО 55 м2,ZS серијата нуди елегантен безвремен дизајн кој што одлично се вклопува во мали и средни дневни соби.,3 ГОДИНИ,93.700,
TOSHIBA,SHORAI EDGE RAS-B22J2KVSG-E / RAS-22J2AVSG-E,ИНВЕРТЕР СПЛИТ СИСТЕМ,A++,6100/7000 W,ОД -15℃ ДО 46℃,ДО 70 м2,"Најнова Toshiba TWIN ROTTARY компресорска технологија ECO mode, Quite mode, Hi Power, 3D Air Flow ULTRA Pure филтер, функција самочистење со антипрашлест филтер, опција за IAQ антибактериски филтрирачки систем опција за Wi-Fi управување",3 ГОДИНИ,93.990,100.990
VIVAX,ACP-24CC70AERI+ R32,КАСЕТНИ СПЛИТ СИСТЕМ,A++,7030/7620 W,ОД -20℃ ДО 50℃,ДО 70 м2,"Посебно дизајниран 360° Air Flow панел, дополнителен жичен управувач, висока ефикасност, прикажување на самодијагноза, 1W standby, заштита на вентил на надворешна единица, греачи на компресор и кондензатор, пумпа за одвод на кондензот, memory функција, sleep mode, self cleaning, 12 Fan Speed, auto swing.",5 ГОДИНИ,94.990,
AUX,ASF-H24A4/AHAR1DI-EU INVERTER,САМОСТОЕЧКИ,A++,7034/7034 W,ОД -15℃ ДО 46℃,ДО 80 м2,/,2 ГОДИНИ,95.000,
DAIKIN,SENSIRA FTXF60F/RXF60F,ИНВЕРТЕР СПЛИТ СИСТЕМ,A++,6000/6400 W,ОД -15℃ ДО 46℃,ДО 70 м2,"Економичен режим, комфорт проток на воздух, моќен режим на работа, 24 часовен тајмер,беззвучна работа на внатрешната единица, онлајн контролер (опционално)- управување на внатрешната единица преку мобилна аплиакција од било каде, преку локална мрежа или интернет.",3 ГОДИНИ,96.900,
AUX,ALCA-H24/NDR3HAA INVERTER,КАСЕТНИ СПЛИТ СИСТЕМ,A++,7000/8000 W,ОД -15℃ ДО 52℃,ДО 80 м2,/,2 ГОДИНИ,96.990,
MITSUBISHI,Heavy SRF/SRC 35 ZSX-W2,ПАРАПЕТНИ/КОНЗОЛНИ,A++,3500/4500 W,ОД -15℃ ДО 46℃,ДО 35 м2,"• Елегантниот полурамен преден панел во стилска бела боја, одговара на различни видови простории и создава релаксирачка атмосфера. • Достапен е избор помеѓу поставување на ѕид, на под или зад галерија. • Низок потенцијал за глобално затоплување (GWP) и висока енергетска ефикасност со новиот фреон R32. • Тивко работење. Нивото на 25ZS-W во режимот на ладење Ulo е само 25dB(A). • „Системот за контрола на крилцата“ им овозможува на корисниците да ги менуваат аглите и позициите на крилцата според нивните преференции. Крилцата може да се постават на различни агли.",3 ГОДИНИ,97.890,
MITSUBISHI,Heavy Diamond SRK/SRC 25 ZSX-W,ИНВЕРТЕР СПЛИТ СИСТЕМ,A+++,2500/3200 W,ОД -20℃ ДО 46℃,ДО 25 м2,"• Елегантен безвременски дизајн.
• Висока сезонска ефикасност до A+++ во ладење и греење.
• Тивок проток на воздух и долг дофат се постигнуваат со млазна технологија.
• Операцијата за чистење на алергени го прочистува воздухот, користејќи шема за контрола во сопственост само на Mitsubishi Heavy Industries Thermal Systems.
• Безжична контрола на интерфејсот (опционално).",3 ГОДИНИ,97.990,
TOSHIBA,SUPER DAISEIKAI 9 RAS-13PKVPG-Е,ИНВЕРТЕР СПЛИТ СИСТЕМ,A+++,3500/4000 W,ОД -15℃ ДО 46℃,ДО 45 м2,"Најнова Toshiba TWIN ROTTARY компресорска технологија, 3D Air Flow, On-demand defrosting, плазма јонизирачки филтер, неделен и дневен тајмер, Colored LED (син/црвен) диспеј, нов систем на дување и тивка работа, EUROVENT серттификат за квалитет.",3 ГОДИНИ,98.990,
VIVAX,ACP-24FS70AERI R410A,САМОСТОЕЧКИ,A++,7030/7620 W,ОД -15℃ ДО 50℃,ДО 70 м2,/,5 ГОДИНИ,99.990,
TOSHIBA,SUZUMI PLUS RAS-B24PKVSG-E/RAS-24J2AVSG-E,ИНВЕРТЕР СПЛИТ СИСТЕМ,A++,7000/8000 W,ОД -15℃ ДО 46℃,ДО 80 м2,"Најнова Toshiba TWIN ROTARY компресорска технологија нова генерација на надворешна единица, ON-DEMAND Defrost – избор на defrost/заштита од замрзнување преку далечинскo, Comfort Sleep, Quiet mode, Hi Power mode, IAQ антибактериски филтрирачки систем, функција самочистење со антипрашест филтер, можност за WiFi поврзување (со дополнителен WiFi стик 7000денари), Внатрешна единица Suzumi Plus и Надворешна единица Shorai Edge.",3 ГОДИНИ,99.990,109.990
HISENSE,AUF71UR4RXB / AUW71U4RJ,САМОСТОЕЧКИ,A++,7000/7500 W,ОД -15℃ ДО 43℃,ДО 75 м2,/,2 ГОДИНИ,101.900,111.990
TOSHIBA,Daiseikai 10 RAS-B10S4KVPG-E / RAS-10S4AVPG-E,ИНВЕРТЕР СПЛИТ СИСТЕМ,A+++,2500/3200 W,ОД -20℃ ДО 46℃,ДО 25 м2,"Високи SCOP и SЕЕR од неверојатни 10,7 !!!
A+++ највисока енергетска класа при греење/ладење
Вградена WiFi контрола со следење на потрошувачка на ел.енергија
најнов Toshiba TWIN ROTARY компресор
3D Air Flow, On-demand defrosting, плазма јонизирачки филтер
Smart follow sensor за препознавање во просторијата
Дизајнерски далечински управувач
опсег на работа ладење – надворешна температура од -15 ÷ 46oC
опсег на работа греење – надворешна температура од -20 ÷ 24oC",3 ГОДИНИ,101.990,
FUJITSU,ASYG-24KLCA / AOYG-24KLTA,ИНВЕРТЕР СПЛИТ СИСТЕМ,A++,7100/8000 W,ОД -15℃ ДО 46℃,ДО 80 м2,/,2 ГОДИНИ,104.990,
TOSHIBA,SHORAI EDGE RAS-B24J2KVSG-E / RAS-24J2AVSG-E,ИНВЕРТЕР СПЛИТ СИСТЕМ,A++,7000/8000 W,ОД -15℃ ДО 46℃,ДО 80 м2,"Најнова Toshiba TWIN ROTTARY компресорска технологија ECO mode, Quite mode, Hi Power, 3D Air Flow ULTRA Pure филтер, функција самочистење со антипрашлест филтер, опција за IAQ антибактериски филтрирачки систем опција за Wi-Fi управување",3 ГОДИНИ,107.990,114.990
HYUNDAI,AC 480 ECO М,САМОСТОЕЧКИ,A+,14067/16119 W,ОД -15℃ ДО 50℃,ДО 140 м2,/,7 ГОДИНИ,109.990,129.990
TOSHIBA,Daiseikai 10 RAS-B10S4KVPG-E / RAS-10S4AVPG-E Wood,ИНВЕРТЕР СПЛИТ СИСТЕМ,A+++,2500/3200 W,ОД -20℃ ДО 46℃,ДО 25 м2,"Високи SCOP и SЕЕR од неверојатни 10,7 !!!
A+++ највисока енергетска класа при греење/ладење
преден панел изработен од дрво
Вградена WiFi контрола со следење на потрошувачка на ел.енергија
најнов Toshiba TWIN ROTARY компресор
3D Air Flow, On-demand defrosting, плазма јонизирачки филтер
Smart follow sensor за препознавање во просторијата
Дизајнерски далечински управувач
опсег на работа ладење – надворешна температура од -15 ÷ 46oC
опсег на работа греење – надворешна температура од -20 ÷ 24oC",3 ГОДИНИ,109.990,
MITSUBISHI,Heavy DIamond SRK/SRC 35 ZSX-W,ИНВЕРТЕР СПЛИТ СИСТЕМ,A+++,3500/4300 W,ОД -20℃ ДО 46℃,ДО 35 м2,"• Елегантен безвременски дизајн. • Висока сезонска ефикасност до A+++ во ладење и греење. • Тивок проток на воздух и долг дофат се постигнуваат со млазна технологија. • Операцијата за чистење на алергени го прочистува воздухот, користејќи шема за контрола во сопственост само на Mitsubishi Heavy Industries Thermal Systems. • Безжична контрола на интерфејсот (опционално).",3 ГОДИНИ,110.990,
TOSHIBA,Daiseikai 10 RAS-B13S4KVPG-E / RAS-13S4AVPG-E,ИНВЕРТЕР СПЛИТ СИСТЕМ,A+++,3500/4000 W,ОД -20℃ ДО 46℃,ДО 40 м2,"Високи SCOP и SЕЕR од неверојатни 10,7 !!! A+++ највисока енергетска класа при греење/ладење Вградена WiFi контрола со следење на потрошувачка на ел.енергија најнов Toshiba TWIN ROTARY компресор 3D Air Flow, On-demand defrosting, плазма јонизирачки филтер Smart follow sensor за препознавање во просторијата Дизајнерски далечински управувач опсег на работа ладење – надворешна температура од -15 ÷ 46oC опсег на работа греење – надворешна температура од -20 ÷ 24oC",3 ГОДИНИ,111.990,
CARRIER,Inverter XPower 42QTD024R8S / 38QUS024R8S,КАСЕТНИ СПЛИТ СИСТЕМ,A++,7050/7200 W,ОД -15℃ ДО 50℃,ДО 70 м2,"Најнова DC Hybrid inverter технологија со twin-rotary компресор, 40% заштеда на енергија во споредба со стандарден клима уред, вградена пумпа за кондензна вода, автоматски рестарт по прекин на струја, ултратенок дизајн (205mm висина) за едноставна инсталација и одржување, четиристран панел со 360° еднаква распределба на воздухот, ниско ниво на бучава, зголемен проток и ефикасност на топлинска размена, со најнова 3Д спирална технологија на вентилатор на внатрешна единица, стандарден отвор за довод на свеж воздух.",3 ГОДИНИ,114.090,
FUJITSU,ASYG-24KMTE / AOYG-24KMTA,ИНВЕРТЕР СПЛИТ СИСТЕМ,A++,7100/8000 W,ОД -15℃ ДО 46℃,ДО 80 м2,/,2 ГОДИНИ,114.990,
DAIKIN,SENSIRA FTXF71D/RXF71D,ИНВЕРТЕР СПЛИТ СИСТЕМ,A,7100/8200 W,ОД -15℃ ДО 46℃,ДО 80 м2,"Економичен режим, комфорт проток на воздух, моќен режим на работа, 24 часовен тајмер,беззвучна работа на внатрешната единица, онлајн контролер (опционално)- управување на внатрешната единица преку мобилна аплиакција од било каде, преку локална мрежа или интернет.",3 ГОДИНИ,118.800,
MITSUBISHI,Heavy Diamond Hyperinverter SRK/SRC 63 ZR-W,ИНВЕРТЕР СПЛИТ СИСТЕМ,A++,6300/7100 W,ОД -15℃ ДО 46℃,ДО 75 м2,"• Серијата ZR е идеално решение за греење и ладење на поголеми простори во вашиот дом.
• Компактна и лесна. Надворешната единица од 10,0 kW сега тежи 57 кг и е 20% полесна од претходниот модел.
• Низок потенцијал за глобално затоплување (GWP) и висока енергетска ефикасност со новиот фреон R32.
• Тивок проток на воздух и долг дофат се постигнуваат со млазна технологија.
• Операцијата за чистење на алергени го прочистува воздухот, користејќи шема за контрола во сопственост само на Mitsubishi Heavy Industries Thermal Systems. • Безжична контрола на интерфејсот (опционално).",3 ГОДИНИ,118.990,
GREE,I-Shine GVH24AKXF-K6DNC8A,САМОСТОЕЧКИ,A++,7100/8400 W,ОД -25℃ ДО 50℃,ДО 80 м2,Twin Rotary,3 ГОДИНИ,119.990,
TOSHIBA,Daiseikai 10 RAS-B13S4KVPG-E / RAS-13S4AVPG-E Wood,ИНВЕРТЕР СПЛИТ СИСТЕМ,A+++,3500/4000 W,ОД -20℃ ДО 46℃,ДО 40 м2,"Високи SCOP и SЕЕR од неверојатни 10,7 !!!
A+++ највисока енергетска класа при греење/ладење
преден панел изработен од дрво
Вградена WiFi контрола со следење на потрошувачка на ел.енергија
најнов Toshiba TWIN ROTARY компресор
3D Air Flow, On-demand defrosting, плазма јонизирачки филтер
Smart follow sensor за препознавање во просторијата
Дизајнерски далечински управувач
опсег на работа ладење – надворешна температура од -15 ÷ 46oC
опсег на работа греење – надворешна температура од -20 ÷ 24oC",3 ГОДИНИ,122.990,
TOSHIBA,SUPER DAISEIKAI 9 RAS-16PKVPG-Е,ИНВЕРТЕР СПЛИТ СИСТЕМ,A+++,4500/5500 W,ОД -15℃ ДО 46℃,ДО 60 м2,"Најнова Toshiba TWIN ROTTARY компресорска технологија, 3D Air Flow, On-demand defrosting, плазма јонизирачки филтер, неделен и дневен тајмер, Colored LED (син/црвен) диспеј, нов систем на дување и тивка работа, EUROVENT серттификат за квалитет.",3 ГОДИНИ,125.990,
TOSHIBA,Bi-Flow RAS-B18J2FVG-E/RAS-18J2AVSG-E,ПАРАПЕТНИ/КОНЗОЛНИ,A++,5000/6000 W,ОД -15℃ ДО 46℃,ДО 55 м2,"Греење во подот - долна зона, елегантен дизајн, тивка работа, ефикасен Pure-Flow и IAQ филтрирачки систем, функција на самочистење, EUROVENT сертификат за квалитет, најнова Toshiba TWIN ROTTARY компресорска технологија.",3 ГОДИНИ,127.990,
AUX,48000 BTU,САМОСТОЕЧКИ,A,14000/14000 W,ОД -5℃ ДО 43℃,ДО 140 м2,/,1 ГОДИНИ,129.000,
MITSUBISHI,Heavy Diamond SRK/SRC 50 ZSX-W,ИНВЕРТЕР СПЛИТ СИСТЕМ,A++,5000/6000 W,ОД -20℃ ДО 46℃,ДО 55 м2,"• Елегантен безвременски дизајн. • Висока сезонска ефикасност до A+++ во ладење и греење. • Тивок проток на воздух и долг дофат се постигнуваат со млазна технологија. • Операцијата за чистење на алергени го прочистува воздухот, користејќи шема за контрола во сопственост само на Mitsubishi Heavy Industries Thermal Systems. • Безжична контрола на интерфејсот (опционално).",3 ГОДИНИ,137.490,
MITSUBISHI,Heavy SRF/SRC 50 ZSX-W2,ПАРАПЕТНИ/КОНЗОЛНИ,A++,5000/6000 W,ОД -20℃ ДО 46℃,ДО 55 м2,"• Елегантниот полурамен преден панел во стилска бела боја, одговара на различни видови простории и создава релаксирачка атмосфера. • Достапен е избор помеѓу поставување на ѕид, на под или зад галерија. • Низок потенцијал за глобално затоплување (GWP) и висока енергетска ефикасност со новиот фреон R32. • Тивко работење. Нивото на 25ZS-W во режимот на ладење Ulo е само 25dB(A). • „Системот за контрола на крилцата“ им овозможува на корисниците да ги менуваат аглите и позициите на крилцата според нивните преференции. Крилцата може да се постават на различни агли.",3 ГОДИНИ,137.590,
MITSUBISHI,Heavy Diamond SRK/SRC 60 ZSX-W,ИНВЕРТЕР СПЛИТ СИСТЕМ,A++,5000/6000 W,ОД -20℃ ДО 46℃,ДО 65 м2,"• Елегантен безвременски дизајн. • Висока сезонска ефикасност до A+++ во ладење и греење. • Тивок проток на воздух и долг дофат се постигнуваат со млазна технологија. • Операцијата за чистење на алергени го прочистува воздухот, користејќи шема за контрола во сопственост само на Mitsubishi Heavy Industries Thermal Systems. • Безжична контрола на интерфејсот (опционално).",3 ГОДИНИ,142.990,
TOSHIBA,Daiseikai 10 RAS-B18S4KVPG-E / RAS-18S4AVPG-E,ИНВЕРТЕР СПЛИТ СИСТЕМ,A+++,5000/6000 W,ОД -20℃ ДО 46℃,ДО 60 м2,"Високи SCOP и SЕЕR од неверојатни 10,7 !!! A+++ највисока енергетска класа при греење/ладење Вградена WiFi контрола со следење на потрошувачка на ел.енергија најнов Toshiba TWIN ROTARY компресор 3D Air Flow, On-demand defrosting, плазма јонизирачки филтер Smart follow sensor за препознавање во просторијата Дизајнерски далечински управувач опсег на работа ладење – надворешна температура од -15 ÷ 46oC опсег на работа греење – надворешна температура од -20 ÷ 24oC",3 ГОДИНИ,142.990,
VIVAX,ACP-36CC105AERI+ R32,КАСЕТНИ СПЛИТ СИСТЕМ,A++,10550/11140 W,ОД -20℃ ДО 50℃,ДО 115 м2,"Посебно дизајниран 360° Air Flow панел, дополнителен жичен управувач, висока ефикасност, прикажување на самодијагноза, 1W standby, заштита на вентил на надворешна единица, греачи на компресор и кондензатор, пумпа за одвод на кондензот, memory функција, sleep mode, self cleaning, 12 Fan Speed, auto swing.",5 ГОДИНИ,144.990,
VIVAX,ACP-36DT105AERI+ R32,КАНАЛНИ СИСТЕМИ,A++,10550/11720 W,ОД -20℃ ДО 50℃,ДО 100 м2,/,5 ГОДИНИ,144.990,
VIVAX,ACP-36CF105AERI+ R32,ПАРАПЕТНИ/КОНЗОЛНИ,A++,10550/11720 W,ОД -20℃ ДО 50℃,ДО 115 м2,"Дополнителен жичен управувач, висока ефикасност, прикажување на самодијагноза, 1 W standby, заштита на вентил надворешна средина, опсег на оперативно работно греење (-15 °C), опсег на оперативно работно ладење (-15 °C), 12 fan speed.",5 ГОДИНИ,149.990,
MITSUBISHI,Heavy Diamond Hyperinverter SRK/SRC 71 ZR-W,ИНВЕРТЕР СПЛИТ СИСТЕМ,A++,7100/8000 W,ОД -15℃ ДО 46℃,ДО 80 м2,"• Серијата ZR е идеално решение за греење и ладење на поголеми простори во вашиот дом. • Компактна и лесна. Надворешната единица од 10,0 kW сега тежи 57 кг и е 20% полесна од претходниот модел. • Низок потенцијал за глобално затоплување (GWP) и висока енергетска ефикасност со новиот фреон R32. • Тивок проток на воздух и долг дофат се постигнуваат со млазна технологија. • Операцијата за чистење на алергени го прочистува воздухот, користејќи шема за контрола во сопственост само на Mitsubishi Heavy Industries Thermal Systems. • Безжична контрола на интерфејсот (опционално).",3 ГОДИНИ,150.990,
TOSHIBA,Daiseikai 10 RAS-B18S4KVPG-E / RAS-18S4AVPG-E Wood,ИНВЕРТЕР СПЛИТ СИСТЕМ,A+++,5000/6000 W,ОД -20℃ ДО 46℃,ДО 60 м2,"Високи SCOP и SЕЕR од неверојатни 10,7 !!!
A+++ највисока енергетска класа при греење/ладење
преден панел изработен од дрво
Вградена WiFi контрола со следење на потрошувачка на ел.енергија
најнов Toshiba TWIN ROTARY компресор
3D Air Flow, On-demand defrosting, плазма јонизирачки филтер
Smart follow sensor за препознавање во просторијата
Дизајнерски далечински управувач
опсег на работа ладење – надворешна температура од -15 ÷ 46oC
опсег на работа греење – надворешна температура од -20 ÷ 24oC",3 ГОДИНИ,154.990,
HYUNDAI,AC 550 Inverter,САМОСТОЕЧКИ,A,16118/16998 W,ОД -15℃ ДО 50℃,ДО 170 м2,/,7 ГОДИНИ,155.000,169.990
HISENSE,AUF140UR4RMPA / AUW140U6RT,САМОСТОЕЧКИ,A,14000/14500 W,ОД -15℃ ДО 43℃,ДО 140 м2,/,2 ГОДИНИ,155.000,165.990
AUX,ALCA-H36/NDR3HAA INVERTER,КАСЕТНИ СПЛИТ СИСТЕМ,A++,10500/1115 W,ОД -15℃ ДО 52℃,ДО 110 м2,/,2 ГОДИНИ,157.990,
GREE,T-FRESH GVH48ALXK-M6DNC7A,САМОСТОЕЧКИ,A++,12500/14500 W,ОД -15℃ ДО 50℃,ДО 140 м2,/,2 ГОДИНИ,159.990,
CARRIER,Inverter XPower 42QTD036R8S / 38QUS036R8S,КАСЕТНИ СПЛИТ СИСТЕМ,A++,10500/10600 W,ОД -15℃ ДО 50℃,ДО 110 м2,"Најнова DC Hybrid inverter технологија со twin-rotary компресор, 40% заштеда на енергија во споредба со стандарден клима уред, вградена пумпа за кондензна вода, автоматски рестарт по прекин на струја, ултратенок дизајн (205mm висина) за едноставна инсталација и одржување, четиристран панел со 360° еднаква распределба на воздухот, ниско ниво на бучава, зголемен проток и ефикасност на топлинска размена, со најнова 3Д спирална технологија на вентилатор на внатрешна единица, стандарден отвор за довод на свеж воздух.",3 ГОДИНИ,162.490,
VIVAX,ACP-48FS140AERI R32,САМОСТОЕЧКИ,A++,14067/16119 W,ОД -15℃ ДО 50℃,ДО 150 м2,/,5 ГОДИНИ,179.990,
VIVAX,ACP-48CF140AERI+ R32,ПАРАПЕТНИ/КОНЗОЛНИ,A++,14070/16120 W,ОД -20℃ ДО 50℃,ДО 150 м2,"Дополнителен жичен управувач, висока ефикасност, прикажување на самодијагноза, 1 W standby, заштита на вентил надворешна средина, опсег на оперативно работно греење (-15 °C), опсег на оперативно работно ладење (-15 °C), 12 fan speed.",5 ГОДИНИ,179.990,
GREE,T-FRESH GVH55ALXM-M6DNC7A,САМОСТОЕЧКИ,A++,16000/17000 W,ОД -15℃ ДО 50℃,ДО 160 м2,/,2 ГОДИНИ,179.990,
CARRIER,Inverter XPower 42QTD048R8S / 38QUS048R8S,КАСЕТНИ СПЛИТ СИСТЕМ,A++,14000/15600 W,ОД -15℃ ДО 50℃,ДО 170 м2,"Најнова DC Hybrid inverter технологија со twin-rotary компресор, 40% заштеда на енергија во споредба со стандарден клима уред, вградена пумпа за кондензна вода, автоматски рестарт по прекин на струја, ултратенок дизајн (205mm висина) за едноставна инсталација и одржување, четиристран панел со 360° еднаква распределба на воздухот, ниско ниво на бучава, зголемен проток и ефикасност на топлинска размена, со најнова 3Д спирална технологија на вентилатор на внатрешна единица, стандарден отвор за довод на свеж воздух.",3 ГОДИНИ,182.290,
VIVAX,ACP-48CC140AERI+ R32,КАСЕТНИ СПЛИТ СИСТЕМ,A++,14070/16120 W,ОД -20℃ ДО 50℃,ДО 160 м2,"Посебно дизајниран 360° Air Flow панел, дополнителен жичен управувач, висока ефикасност, прикажување на самодијагноза, 1W standby, заштита на вентил на надворешна единица, греачи на компресор и кондензатор, пумпа за одвод на кондензот, memory функција, sleep mode, self cleaning, 12 Fan Speed, auto swing.",5 ГОДИНИ,184.990,
MITSUBISHI,Heavy Diamond Hyperinverter SRK/SRC 80 ZR-W,ИНВЕРТЕР СПЛИТ СИСТЕМ,A++,8000/9000 W,ОД -15℃ ДО 46℃,ДО 90 м2,"• Серијата ZR е идеално решение за греење и ладење на поголеми простори во вашиот дом. • Компактна и лесна. Надворешната единица од 10,0 kW сега тежи 57 кг и е 20% полесна од претходниот модел. • Низок потенцијал за глобално затоплување (GWP) и висока енергетска ефикасност со новиот фреон R32. • Тивок проток на воздух и долг дофат се постигнуваат со млазна технологија. • Операцијата за чистење на алергени го прочистува воздухот, користејќи шема за контрола во сопственост само на Mitsubishi Heavy Industries Thermal Systems. • Безжична контрола на интерфејсот (опционално).",3 ГОДИНИ,184.990,
VIVAX,ACP-48DT140AERI+ R32,КАНАЛНИ СИСТЕМИ,A++,14070/16120 W,ОД -20℃ ДО 50℃,ДО 150 м2,/,5 ГОДИНИ,184.990,
VIVAX,ACP-55CF160AERI+ R32,ПАРАПЕТНИ/КОНЗОЛНИ,A++,15830/18170 W,ОД -20℃ ДО 50℃,ДО 170 м2,"Дополнителен жичен управувач, висока ефикасност, прикажување на самодијагноза, 1 W standby, заштита на вентил надворешна средина, опсег на оперативно работно греење (-15 °C), опсег на оперативно работно ладење (-15 °C),  12 fan speed.",5 ГОДИНИ,189.990,
CARRIER,42QFD048D8S / 38QUS048D8T,САМОСТОЕЧКИ,A++,14600/16100 W,ОД -15℃ ДО 50℃,ДО 160 м2,"Екстремно тивок и штедлив клима уред, ефикасен уред со рамномерна дистрибуција на воздухот, Turbo mode за инстантно постигнување на температура, Carrier опрема за климатизација со повеќе од 100 години традиција, американски и светски лидер во делот на климатизација, греење и ладење",3 ГОДИНИ,191.000,
VIVAX,ACP-55CC160AERI+ R32,КАСЕТНИ СПЛИТ СИСТЕМ,A++,15240/18170 W,ОД -20℃ ДО 50℃,ДО 180 м2,"Посебно дизајниран 360° Air Flow панел, дополнителен жичен управувач, висока ефикасност, прикажување на самодијагноза, 1W standby, заштита на вентил на надворешна единица, греачи на компресор и кондензатор, пумпа за одвод на кондензот, memory функција, sleep mode, self cleaning, 12 Fan Speed, auto swing.",5 ГОДИНИ,199.990,
VIVAX,ACP-55DT160AERI+ R32,КАНАЛНИ СИСТЕМИ,A++,15240/18170 W,ОД -20℃ ДО 50℃,ДО 170 м2,/,5 ГОДИНИ,199.990,
VIVAX,ACP-55FS160AERI R410A,САМОСТОЕЧКИ,A++,16120/17000 W,ОД -15℃ ДО 50℃,ДО 170 м2,/,5 ГОДИНИ,199.990,
MITSUBISHI,Heavy Diamond Hyperinverter SRK/SRC 100 ZR-W,ИНВЕРТЕР СПЛИТ СИСТЕМ,A+,9600/10000 W,ОД -15℃ ДО 46℃,ДО 100 м2,"• Серијата ZR е идеално решение за греење и ладење на поголеми простори во вашиот дом. • Компактна и лесна. Надворешната единица од 10,0 kW сега тежи 57 кг и е 20% полесна од претходниот модел. • Низок потенцијал за глобално затоплување (GWP) и висока енергетска ефикасност со новиот фреон R32. • Тивок проток на воздух и долг дофат се постигнуваат со млазна технологија. • Операцијата за чистење на алергени го прочистува воздухот, користејќи шема за контрола во сопственост само на Mitsubishi Heavy Industries Thermal Systems. • Безжична контрола на интерфејсот (опционално).",3 ГОДИНИ,205.590,
TOSHIBA,Inverter RAV-RM1401FT / RAV-GM1401ATP-E,САМОСТОЕЧКИ,A,14000/14600 W,ОД -15℃ ДО 46℃,ДО 140 м2,"Екстремно тивок и штедлив клима уред
А/ А енергетска класа на ладење и греење
Ефикасен уред со рамномерна дистрибуција на воздухот
Turbo mode за инстантно постигнување на температура 
Најнова Toshiba TWIN ROTTARY компресорска технологија 
Јапонски и светски лидер во делот на климатизација, греење и ладење",3 ГОДИНИ,249.990,
TOSHIBA,Inverter RAV-RM1601FT / RAV-GM1601ATP-E,САМОСТОЕЧКИ,A,14000/16000 W,ОД -15℃ ДО 53℃,ДО 170 м2,"Екстремно тивок и штедлив клима уред А/ А енергетска класа на ладење и греење Ефикасен уред со рамномерна дистрибуција на воздухот Turbo mode за инстантно постигнување на температура Најнова Toshiba TWIN ROTTARY компресорска технологија Јапонски и светски лидер во делот на климатизација, греење и ладење",3 ГОДИНИ,305.990,
